2025-11-18 14:11:19,512 INFO  Logger.cs: 70 - 
--------------------------------------------------------------------------------
2025-11-18 14:11:19,534 INFO  Logger.cs: 71 - Logging commencing for SW2URDF exporter
2025-11-18 14:11:19,535 INFO  Logger.cs: 73 - Commit version 1.6.0-4-g7f85cfe
2025-11-18 14:11:19,536 INFO  Logger.cs: 74 - Build version 1.6.7995.38578
2025-11-18 14:11:19,553 INFO  SwAddin.cs: 192 - Attempting to connect to SW
2025-11-18 14:11:19,554 INFO  SwAddin.cs: 197 - Setting up callbacks
2025-11-18 14:11:19,554 INFO  SwAddin.cs: 201 - Setting up command manager
2025-11-18 14:11:19,555 INFO  SwAddin.cs: 204 - Adding command manager
2025-11-18 14:11:19,557 INFO  SwAddin.cs: 263 - Adding Assembly export to file menu
2025-11-18 14:11:19,558 INFO  SwAddin.cs: 272 - Adding Part export to file menu
2025-11-18 14:11:19,558 INFO  SwAddin.cs: 210 - Adding event handlers
2025-11-18 14:11:19,707 INFO  SwAddin.cs: 217 - Connecting plugin to SolidWorks
2025-11-18 15:03:31,749 INFO  SwAddin.cs: 294 - Assembly export called for file 完整装配
2025-11-18 15:03:31,751 INFO  SwAddin.cs: 299 - Save is required
2025-11-18 15:03:31,752 INFO  SwAddin.cs: 313 - Saving assembly
2025-11-18 15:03:32,316 INFO  SwAddin.cs: 316 - Opening property manager
2025-11-18 15:03:32,328 INFO  ExportHelperExtension.cs: 1125 - Retrieving features of type [CoordSys] from 完整装配
2025-11-18 15:03:32,358 INFO  ExportHelperExtension.cs: 1136 - Found 104 in 完整装配
2025-11-18 15:03:32,360 INFO  ExportHelperExtension.cs: 1145 - Found 0 features of type [CoordSys] in 完整装配
2025-11-18 15:03:32,360 INFO  ExportHelperExtension.cs: 1148 - Proceeding through assembly components
2025-11-18 15:03:32,361 INFO  ExportHelperExtension.cs: 1160 - 21 components to check
2025-11-18 15:03:32,362 INFO  ExportHelperExtension.cs: 1125 - Retrieving features of type [CoordSys] from 6__________-1
2025-11-18 15:03:32,363 INFO  ExportHelperExtension.cs: 1136 - Found 28 in 6__________-1
2025-11-18 15:03:32,363 INFO  ExportHelperExtension.cs: 1145 - Found 0 features of type [CoordSys] in 6__________-1
2025-11-18 15:03:32,364 INFO  ExportHelperExtension.cs: 1125 - Retrieving features of type [CoordSys] from ____2______-1
2025-11-18 15:03:32,364 INFO  ExportHelperExtension.cs: 1136 - Found 28 in ____2______-1
2025-11-18 15:03:32,365 INFO  ExportHelperExtension.cs: 1145 - Found 0 features of type [CoordSys] in ____2______-1
2025-11-18 15:03:32,365 INFO  ExportHelperExtension.cs: 1125 - Retrieving features of type [CoordSys] from 2-3________-1
2025-11-18 15:03:32,365 INFO  ExportHelperExtension.cs: 1136 - Found 28 in 2-3________-1
2025-11-18 15:03:32,366 INFO  ExportHelperExtension.cs: 1145 - Found 0 features of type [CoordSys] in 2-3________-1
2025-11-18 15:03:32,366 INFO  ExportHelperExtension.cs: 1125 - Retrieving features of type [CoordSys] from 2-3________-2
2025-11-18 15:03:32,367 INFO  ExportHelperExtension.cs: 1136 - Found 28 in 2-3________-2
2025-11-18 15:03:32,367 INFO  ExportHelperExtension.cs: 1145 - Found 0 features of type [CoordSys] in 2-3________-2
2025-11-18 15:03:32,367 INFO  ExportHelperExtension.cs: 1125 - Retrieving features of type [CoordSys] from ____1-1
2025-11-18 15:03:32,368 INFO  ExportHelperExtension.cs: 1136 - Found 28 in ____1-1
2025-11-18 15:03:32,368 INFO  ExportHelperExtension.cs: 1145 - Found 0 features of type [CoordSys] in ____1-1
2025-11-18 15:03:32,369 INFO  ExportHelperExtension.cs: 1125 - Retrieving features of type [CoordSys] from ________1-5
2025-11-18 15:03:32,369 INFO  ExportHelperExtension.cs: 1136 - Found 28 in ________1-5
2025-11-18 15:03:32,370 INFO  ExportHelperExtension.cs: 1145 - Found 0 features of type [CoordSys] in ________1-5
2025-11-18 15:03:32,370 INFO  ExportHelperExtension.cs: 1125 - Retrieving features of type [CoordSys] from ________1-3
2025-11-18 15:03:32,370 INFO  ExportHelperExtension.cs: 1136 - Found 28 in ________1-3
2025-11-18 15:03:32,371 INFO  ExportHelperExtension.cs: 1145 - Found 0 features of type [CoordSys] in ________1-3
2025-11-18 15:03:32,371 INFO  ExportHelperExtension.cs: 1125 - Retrieving features of type [CoordSys] from ____-2
2025-11-18 15:03:32,372 INFO  ExportHelperExtension.cs: 1136 - Found 28 in ____-2
2025-11-18 15:03:32,372 INFO  ExportHelperExtension.cs: 1145 - Found 0 features of type [CoordSys] in ____-2
2025-11-18 15:03:32,372 INFO  ExportHelperExtension.cs: 1125 - Retrieving features of type [CoordSys] from ____________-2
2025-11-18 15:03:32,373 INFO  ExportHelperExtension.cs: 1136 - Found 28 in ____________-2
2025-11-18 15:03:32,373 INFO  ExportHelperExtension.cs: 1145 - Found 0 features of type [CoordSys] in ____________-2
2025-11-18 15:03:32,374 INFO  ExportHelperExtension.cs: 1125 - Retrieving features of type [CoordSys] from ____-0-2
2025-11-18 15:03:32,374 INFO  ExportHelperExtension.cs: 1136 - Found 257 in ____-0-2
2025-11-18 15:03:32,376 INFO  ExportHelperExtension.cs: 1145 - Found 0 features of type [CoordSys] in ____-0-2
2025-11-18 15:03:32,376 INFO  ExportHelperExtension.cs: 1125 - Retrieving features of type [CoordSys] from ____2__________-1
2025-11-18 15:03:32,376 INFO  ExportHelperExtension.cs: 1136 - Found 28 in ____2__________-1
2025-11-18 15:03:32,377 INFO  ExportHelperExtension.cs: 1145 - Found 0 features of type [CoordSys] in ____2__________-1
2025-11-18 15:03:32,377 INFO  ExportHelperExtension.cs: 1125 - Retrieving features of type [CoordSys] from ________1-2
2025-11-18 15:03:32,377 INFO  ExportHelperExtension.cs: 1136 - Found 28 in ________1-2
2025-11-18 15:03:32,378 INFO  ExportHelperExtension.cs: 1145 - Found 0 features of type [CoordSys] in ________1-2
2025-11-18 15:03:32,378 INFO  ExportHelperExtension.cs: 1125 - Retrieving features of type [CoordSys] from 5__________-1
2025-11-18 15:03:32,378 INFO  ExportHelperExtension.cs: 1136 - Found 28 in 5__________-1
2025-11-18 15:03:32,379 INFO  ExportHelperExtension.cs: 1145 - Found 0 features of type [CoordSys] in 5__________-1
2025-11-18 15:03:32,379 INFO  ExportHelperExtension.cs: 1125 - Retrieving features of type [CoordSys] from ____2-1
2025-11-18 15:03:32,379 INFO  ExportHelperExtension.cs: 1136 - Found 28 in ____2-1
2025-11-18 15:03:32,380 INFO  ExportHelperExtension.cs: 1145 - Found 0 features of type [CoordSys] in ____2-1
2025-11-18 15:03:32,380 INFO  ExportHelperExtension.cs: 1125 - Retrieving features of type [CoordSys] from 2-3____________-1
2025-11-18 15:03:32,381 INFO  ExportHelperExtension.cs: 1136 - Found 28 in 2-3____________-1
2025-11-18 15:03:32,381 INFO  ExportHelperExtension.cs: 1145 - Found 0 features of type [CoordSys] in 2-3____________-1
2025-11-18 15:03:32,381 INFO  ExportHelperExtension.cs: 1125 - Retrieving features of type [CoordSys] from ________1-4
2025-11-18 15:03:32,382 INFO  ExportHelperExtension.cs: 1136 - Found 28 in ________1-4
2025-11-18 15:03:32,382 INFO  ExportHelperExtension.cs: 1145 - Found 0 features of type [CoordSys] in ________1-4
2025-11-18 15:03:32,382 INFO  ExportHelperExtension.cs: 1125 - Retrieving features of type [CoordSys] from 6______________-1
2025-11-18 15:03:32,383 INFO  ExportHelperExtension.cs: 1136 - Found 28 in 6______________-1
2025-11-18 15:03:32,383 INFO  ExportHelperExtension.cs: 1145 - Found 0 features of type [CoordSys] in 6______________-1
2025-11-18 15:03:32,383 INFO  ExportHelperExtension.cs: 1125 - Retrieving features of type [CoordSys] from ____2__________-2
2025-11-18 15:03:32,384 INFO  ExportHelperExtension.cs: 1136 - Found 28 in ____2__________-2
2025-11-18 15:03:32,384 INFO  ExportHelperExtension.cs: 1145 - Found 0 features of type [CoordSys] in ____2__________-2
2025-11-18 15:03:32,385 INFO  ExportHelperExtension.cs: 1125 - Retrieving features of type [CoordSys] from ________1-6
2025-11-18 15:03:32,385 INFO  ExportHelperExtension.cs: 1136 - Found 28 in ________1-6
2025-11-18 15:03:32,386 INFO  ExportHelperExtension.cs: 1145 - Found 0 features of type [CoordSys] in ________1-6
2025-11-18 15:03:32,386 INFO  ExportHelperExtension.cs: 1125 - Retrieving features of type [CoordSys] from 2-3____________-2
2025-11-18 15:03:32,386 INFO  ExportHelperExtension.cs: 1136 - Found 28 in 2-3____________-2
2025-11-18 15:03:32,387 INFO  ExportHelperExtension.cs: 1145 - Found 0 features of type [CoordSys] in 2-3____________-2
2025-11-18 15:03:32,387 INFO  ExportHelperExtension.cs: 1125 - Retrieving features of type [CoordSys] from ________1-8
2025-11-18 15:03:32,388 INFO  ExportHelperExtension.cs: 1136 - Found 28 in ________1-8
2025-11-18 15:03:32,388 INFO  ExportHelperExtension.cs: 1145 - Found 0 features of type [CoordSys] in ________1-8
2025-11-18 15:03:32,388 INFO  ExportHelperExtension.cs: 1125 - Retrieving features of type [RefAxis] from 完整装配
2025-11-18 15:03:32,389 INFO  ExportHelperExtension.cs: 1136 - Found 104 in 完整装配
2025-11-18 15:03:32,389 INFO  ExportHelperExtension.cs: 1145 - Found 6 features of type [RefAxis] in 完整装配
2025-11-18 15:03:32,390 INFO  ExportHelperExtension.cs: 1148 - Proceeding through assembly components
2025-11-18 15:03:32,390 INFO  ExportHelperExtension.cs: 1160 - 21 components to check
2025-11-18 15:03:32,390 INFO  ExportHelperExtension.cs: 1125 - Retrieving features of type [RefAxis] from 6__________-1
2025-11-18 15:03:32,391 INFO  ExportHelperExtension.cs: 1136 - Found 28 in 6__________-1
2025-11-18 15:03:32,391 INFO  ExportHelperExtension.cs: 1145 - Found 0 features of type [RefAxis] in 6__________-1
2025-11-18 15:03:32,391 INFO  ExportHelperExtension.cs: 1125 - Retrieving features of type [RefAxis] from ____2______-1
2025-11-18 15:03:32,392 INFO  ExportHelperExtension.cs: 1136 - Found 28 in ____2______-1
2025-11-18 15:03:32,392 INFO  ExportHelperExtension.cs: 1145 - Found 0 features of type [RefAxis] in ____2______-1
2025-11-18 15:03:32,392 INFO  ExportHelperExtension.cs: 1125 - Retrieving features of type [RefAxis] from 2-3________-1
2025-11-18 15:03:32,393 INFO  ExportHelperExtension.cs: 1136 - Found 28 in 2-3________-1
2025-11-18 15:03:32,393 INFO  ExportHelperExtension.cs: 1145 - Found 0 features of type [RefAxis] in 2-3________-1
2025-11-18 15:03:32,393 INFO  ExportHelperExtension.cs: 1125 - Retrieving features of type [RefAxis] from 2-3________-2
2025-11-18 15:03:32,394 INFO  ExportHelperExtension.cs: 1136 - Found 28 in 2-3________-2
2025-11-18 15:03:32,394 INFO  ExportHelperExtension.cs: 1145 - Found 0 features of type [RefAxis] in 2-3________-2
2025-11-18 15:03:32,394 INFO  ExportHelperExtension.cs: 1125 - Retrieving features of type [RefAxis] from ____1-1
2025-11-18 15:03:32,395 INFO  ExportHelperExtension.cs: 1136 - Found 28 in ____1-1
2025-11-18 15:03:32,395 INFO  ExportHelperExtension.cs: 1145 - Found 0 features of type [RefAxis] in ____1-1
2025-11-18 15:03:32,396 INFO  ExportHelperExtension.cs: 1125 - Retrieving features of type [RefAxis] from ________1-5
2025-11-18 15:03:32,396 INFO  ExportHelperExtension.cs: 1136 - Found 28 in ________1-5
2025-11-18 15:03:32,397 INFO  ExportHelperExtension.cs: 1145 - Found 0 features of type [RefAxis] in ________1-5
2025-11-18 15:03:32,397 INFO  ExportHelperExtension.cs: 1125 - Retrieving features of type [RefAxis] from ________1-3
2025-11-18 15:03:32,397 INFO  ExportHelperExtension.cs: 1136 - Found 28 in ________1-3
2025-11-18 15:03:32,398 INFO  ExportHelperExtension.cs: 1145 - Found 0 features of type [RefAxis] in ________1-3
2025-11-18 15:03:32,398 INFO  ExportHelperExtension.cs: 1125 - Retrieving features of type [RefAxis] from ____-2
2025-11-18 15:03:32,398 INFO  ExportHelperExtension.cs: 1136 - Found 28 in ____-2
2025-11-18 15:03:32,399 INFO  ExportHelperExtension.cs: 1145 - Found 0 features of type [RefAxis] in ____-2
2025-11-18 15:03:32,399 INFO  ExportHelperExtension.cs: 1125 - Retrieving features of type [RefAxis] from ____________-2
2025-11-18 15:03:32,399 INFO  ExportHelperExtension.cs: 1136 - Found 28 in ____________-2
2025-11-18 15:03:32,400 INFO  ExportHelperExtension.cs: 1145 - Found 0 features of type [RefAxis] in ____________-2
2025-11-18 15:03:32,404 INFO  ExportHelperExtension.cs: 1125 - Retrieving features of type [RefAxis] from ____-0-2
2025-11-18 15:03:32,427 INFO  ExportHelperExtension.cs: 1136 - Found 257 in ____-0-2
2025-11-18 15:03:32,428 INFO  ExportHelperExtension.cs: 1145 - Found 0 features of type [RefAxis] in ____-0-2
2025-11-18 15:03:32,429 INFO  ExportHelperExtension.cs: 1125 - Retrieving features of type [RefAxis] from ____2__________-1
2025-11-18 15:03:32,429 INFO  ExportHelperExtension.cs: 1136 - Found 28 in ____2__________-1
2025-11-18 15:03:32,430 INFO  ExportHelperExtension.cs: 1145 - Found 0 features of type [RefAxis] in ____2__________-1
2025-11-18 15:03:32,430 INFO  ExportHelperExtension.cs: 1125 - Retrieving features of type [RefAxis] from ________1-2
2025-11-18 15:03:32,430 INFO  ExportHelperExtension.cs: 1136 - Found 28 in ________1-2
2025-11-18 15:03:32,431 INFO  ExportHelperExtension.cs: 1145 - Found 0 features of type [RefAxis] in ________1-2
2025-11-18 15:03:32,431 INFO  ExportHelperExtension.cs: 1125 - Retrieving features of type [RefAxis] from 5__________-1
2025-11-18 15:03:32,431 INFO  ExportHelperExtension.cs: 1136 - Found 28 in 5__________-1
2025-11-18 15:03:32,432 INFO  ExportHelperExtension.cs: 1145 - Found 0 features of type [RefAxis] in 5__________-1
2025-11-18 15:03:32,432 INFO  ExportHelperExtension.cs: 1125 - Retrieving features of type [RefAxis] from ____2-1
2025-11-18 15:03:32,432 INFO  ExportHelperExtension.cs: 1136 - Found 28 in ____2-1
2025-11-18 15:03:32,432 INFO  ExportHelperExtension.cs: 1145 - Found 0 features of type [RefAxis] in ____2-1
2025-11-18 15:03:32,434 INFO  ExportHelperExtension.cs: 1125 - Retrieving features of type [RefAxis] from 2-3____________-1
2025-11-18 15:03:32,434 INFO  ExportHelperExtension.cs: 1136 - Found 28 in 2-3____________-1
2025-11-18 15:03:32,435 INFO  ExportHelperExtension.cs: 1145 - Found 0 features of type [RefAxis] in 2-3____________-1
2025-11-18 15:03:32,435 INFO  ExportHelperExtension.cs: 1125 - Retrieving features of type [RefAxis] from ________1-4
2025-11-18 15:03:32,436 INFO  ExportHelperExtension.cs: 1136 - Found 28 in ________1-4
2025-11-18 15:03:32,436 INFO  ExportHelperExtension.cs: 1145 - Found 0 features of type [RefAxis] in ________1-4
2025-11-18 15:03:32,436 INFO  ExportHelperExtension.cs: 1125 - Retrieving features of type [RefAxis] from 6______________-1
2025-11-18 15:03:32,437 INFO  ExportHelperExtension.cs: 1136 - Found 28 in 6______________-1
2025-11-18 15:03:32,437 INFO  ExportHelperExtension.cs: 1145 - Found 0 features of type [RefAxis] in 6______________-1
2025-11-18 15:03:32,438 INFO  ExportHelperExtension.cs: 1125 - Retrieving features of type [RefAxis] from ____2__________-2
2025-11-18 15:03:32,438 INFO  ExportHelperExtension.cs: 1136 - Found 28 in ____2__________-2
2025-11-18 15:03:32,438 INFO  ExportHelperExtension.cs: 1145 - Found 0 features of type [RefAxis] in ____2__________-2
2025-11-18 15:03:32,439 INFO  ExportHelperExtension.cs: 1125 - Retrieving features of type [RefAxis] from ________1-6
2025-11-18 15:03:32,439 INFO  ExportHelperExtension.cs: 1136 - Found 28 in ________1-6
2025-11-18 15:03:32,439 INFO  ExportHelperExtension.cs: 1145 - Found 0 features of type [RefAxis] in ________1-6
2025-11-18 15:03:32,440 INFO  ExportHelperExtension.cs: 1125 - Retrieving features of type [RefAxis] from 2-3____________-2
2025-11-18 15:03:32,440 INFO  ExportHelperExtension.cs: 1136 - Found 28 in 2-3____________-2
2025-11-18 15:03:32,440 INFO  ExportHelperExtension.cs: 1145 - Found 0 features of type [RefAxis] in 2-3____________-2
2025-11-18 15:03:32,441 INFO  ExportHelperExtension.cs: 1125 - Retrieving features of type [RefAxis] from ________1-8
2025-11-18 15:03:32,441 INFO  ExportHelperExtension.cs: 1136 - Found 28 in ________1-8
2025-11-18 15:03:32,441 INFO  ExportHelperExtension.cs: 1145 - Found 0 features of type [RefAxis] in ________1-8
2025-11-18 15:03:32,591 INFO  SwAddin.cs: 339 - Loading config tree
2025-11-18 15:03:32,594 INFO  ExportPropertyManagerExtension.cs: 520 - Starting new configuration
2025-11-18 15:03:32,597 INFO  SwAddin.cs: 344 - Showing property manager
2025-11-18 15:05:35,994 INFO  ExportPropertyManager.cs: 1136 - OnNumberBoxTrackingCompleted called. This method no longer throws an Exception. It just silently does nothing. Ok, except for this logging message
2025-11-18 15:06:56,943 INFO  ExportPropertyManager.cs: 1018 - OnComboboxSelectionChanged called. This method no longer throws an Exception. It just silently does nothing. Ok, except for this logging message
2025-11-18 15:08:26,783 INFO  ExportPropertyManager.cs: 1136 - OnNumberBoxTrackingCompleted called. This method no longer throws an Exception. It just silently does nothing. Ok, except for this logging message
2025-11-18 15:08:42,479 INFO  ExportPropertyManager.cs: 1018 - OnComboboxSelectionChanged called. This method no longer throws an Exception. It just silently does nothing. Ok, except for this logging message
2025-11-18 15:09:27,368 INFO  ExportPropertyManager.cs: 1018 - OnComboboxSelectionChanged called. This method no longer throws an Exception. It just silently does nothing. Ok, except for this logging message
2025-11-18 15:09:31,625 INFO  ExportPropertyManager.cs: 1018 - OnComboboxSelectionChanged called. This method no longer throws an Exception. It just silently does nothing. Ok, except for this logging message
2025-11-18 15:09:58,298 INFO  ExportPropertyManager.cs: 1136 - OnNumberBoxTrackingCompleted called. This method no longer throws an Exception. It just silently does nothing. Ok, except for this logging message
2025-11-18 15:10:11,071 INFO  ExportPropertyManager.cs: 1018 - OnComboboxSelectionChanged called. This method no longer throws an Exception. It just silently does nothing. Ok, except for this logging message
2025-11-18 15:10:25,483 INFO  ExportPropertyManager.cs: 1018 - OnComboboxSelectionChanged called. This method no longer throws an Exception. It just silently does nothing. Ok, except for this logging message
2025-11-18 15:10:28,708 INFO  ExportPropertyManager.cs: 1136 - OnNumberBoxTrackingCompleted called. This method no longer throws an Exception. It just silently does nothing. Ok, except for this logging message
2025-11-18 15:10:43,896 INFO  ExportPropertyManager.cs: 1018 - OnComboboxSelectionChanged called. This method no longer throws an Exception. It just silently does nothing. Ok, except for this logging message
2025-11-18 15:10:46,237 INFO  ExportPropertyManager.cs: 1018 - OnComboboxSelectionChanged called. This method no longer throws an Exception. It just silently does nothing. Ok, except for this logging message
2025-11-18 15:11:59,980 INFO  ExportPropertyManager.cs: 1136 - OnNumberBoxTrackingCompleted called. This method no longer throws an Exception. It just silently does nothing. Ok, except for this logging message
2025-11-18 15:12:16,778 INFO  ExportPropertyManager.cs: 1018 - OnComboboxSelectionChanged called. This method no longer throws an Exception. It just silently does nothing. Ok, except for this logging message
2025-11-18 15:12:22,502 INFO  ExportPropertyManager.cs: 1018 - OnComboboxSelectionChanged called. This method no longer throws an Exception. It just silently does nothing. Ok, except for this logging message
2025-11-18 15:12:38,927 INFO  ExportPropertyManager.cs: 1136 - OnNumberBoxTrackingCompleted called. This method no longer throws an Exception. It just silently does nothing. Ok, except for this logging message
2025-11-18 15:12:52,395 INFO  ExportPropertyManager.cs: 1018 - OnComboboxSelectionChanged called. This method no longer throws an Exception. It just silently does nothing. Ok, except for this logging message
2025-11-18 15:12:54,948 INFO  ExportPropertyManager.cs: 1018 - OnComboboxSelectionChanged called. This method no longer throws an Exception. It just silently does nothing. Ok, except for this logging message
2025-11-18 15:15:11,145 INFO  ExportPropertyManager.cs: 422 - Configuration saved
2025-11-18 15:15:12,988 INFO  ExportHelperExtension.cs: 347 - Creating joint Link1
2025-11-18 15:15:12,994 INFO  ExportHelperExtension.cs: 1397 - Fixing components for base_link
2025-11-18 15:15:12,994 INFO  ExportHelperExtension.cs: 1402 - Fixing 36
2025-11-18 15:15:12,995 INFO  ExportHelperExtension.cs: 1409 - Component 36 is already fixed
2025-11-18 15:15:12,995 INFO  ExportHelperExtension.cs: 1402 - Fixing 35
2025-11-18 15:15:12,995 INFO  ExportHelperExtension.cs: 1409 - Component 35 is already fixed
2025-11-18 15:15:13,182 INFO  ExportHelperExtension.cs: 832 - R1: 0, 0
2025-11-18 15:15:13,183 INFO  ExportHelperExtension.cs: 841 - R2: 0, 0
2025-11-18 15:15:13,183 INFO  ExportHelperExtension.cs: 849 - L1: 0
2025-11-18 15:15:13,183 INFO  ExportHelperExtension.cs: 857 - L2: 0
2025-11-18 15:15:14,173 WARN  ExportHelperExtension.cs: 351 - Creating joint from parent base_link to child Link1 failed
2025-11-18 15:15:14,239 INFO  ExportHelperExtension.cs: 347 - Creating joint Link2
2025-11-18 15:15:14,239 INFO  ExportHelperExtension.cs: 1397 - Fixing components for Link1
2025-11-18 15:15:14,240 INFO  ExportHelperExtension.cs: 1402 - Fixing 48
2025-11-18 15:15:14,240 INFO  ExportHelperExtension.cs: 1409 - Component 48 is already fixed
2025-11-18 15:15:14,240 INFO  ExportHelperExtension.cs: 1402 - Fixing 37
2025-11-18 15:15:14,241 INFO  ExportHelperExtension.cs: 1409 - Component 37 is already fixed
2025-11-18 15:15:14,241 INFO  ExportHelperExtension.cs: 1402 - Fixing 39
2025-11-18 15:15:14,241 INFO  ExportHelperExtension.cs: 1409 - Component 39 is already fixed
2025-11-18 15:15:14,241 INFO  ExportHelperExtension.cs: 1402 - Fixing 36
2025-11-18 15:15:14,242 INFO  ExportHelperExtension.cs: 1409 - Component 36 is already fixed
2025-11-18 15:15:14,242 INFO  ExportHelperExtension.cs: 1402 - Fixing 35
2025-11-18 15:15:14,242 INFO  ExportHelperExtension.cs: 1409 - Component 35 is already fixed
2025-11-18 15:15:14,470 INFO  ExportHelperExtension.cs: 832 - R1: 0, 0
2025-11-18 15:15:14,470 INFO  ExportHelperExtension.cs: 841 - R2: 0, 0
2025-11-18 15:15:14,471 INFO  ExportHelperExtension.cs: 849 - L1: 0
2025-11-18 15:15:14,471 INFO  ExportHelperExtension.cs: 857 - L2: 0
2025-11-18 15:15:15,367 WARN  ExportHelperExtension.cs: 351 - Creating joint from parent Link1 to child Link2 failed
2025-11-18 15:15:15,454 INFO  ExportHelperExtension.cs: 347 - Creating joint Link3
2025-11-18 15:15:15,455 INFO  ExportHelperExtension.cs: 1397 - Fixing components for Link2
2025-11-18 15:15:15,455 INFO  ExportHelperExtension.cs: 1402 - Fixing 49
2025-11-18 15:15:15,455 INFO  ExportHelperExtension.cs: 1409 - Component 49 is already fixed
2025-11-18 15:15:15,456 INFO  ExportHelperExtension.cs: 1402 - Fixing 40
2025-11-18 15:15:15,456 INFO  ExportHelperExtension.cs: 1409 - Component 40 is already fixed
2025-11-18 15:15:15,456 INFO  ExportHelperExtension.cs: 1402 - Fixing 41
2025-11-18 15:15:15,457 INFO  ExportHelperExtension.cs: 1409 - Component 41 is already fixed
2025-11-18 15:15:15,457 INFO  ExportHelperExtension.cs: 1402 - Fixing 48
2025-11-18 15:15:15,457 INFO  ExportHelperExtension.cs: 1409 - Component 48 is already fixed
2025-11-18 15:15:15,457 INFO  ExportHelperExtension.cs: 1402 - Fixing 37
2025-11-18 15:15:15,457 INFO  ExportHelperExtension.cs: 1409 - Component 37 is already fixed
2025-11-18 15:15:15,459 INFO  ExportHelperExtension.cs: 1402 - Fixing 39
2025-11-18 15:15:15,459 INFO  ExportHelperExtension.cs: 1409 - Component 39 is already fixed
2025-11-18 15:15:15,459 INFO  ExportHelperExtension.cs: 1402 - Fixing 36
2025-11-18 15:15:15,460 INFO  ExportHelperExtension.cs: 1409 - Component 36 is already fixed
2025-11-18 15:15:15,460 INFO  ExportHelperExtension.cs: 1402 - Fixing 35
2025-11-18 15:15:15,460 INFO  ExportHelperExtension.cs: 1409 - Component 35 is already fixed
2025-11-18 15:15:15,737 INFO  ExportHelperExtension.cs: 832 - R1: 0, 0
2025-11-18 15:15:15,739 INFO  ExportHelperExtension.cs: 841 - R2: 0, 0
2025-11-18 15:15:15,739 INFO  ExportHelperExtension.cs: 849 - L1: 0
2025-11-18 15:15:15,739 INFO  ExportHelperExtension.cs: 857 - L2: 0
2025-11-18 15:15:16,638 WARN  ExportHelperExtension.cs: 351 - Creating joint from parent Link2 to child Link3 failed
2025-11-18 15:15:16,727 INFO  ExportHelperExtension.cs: 347 - Creating joint Link4
2025-11-18 15:15:16,727 INFO  ExportHelperExtension.cs: 1397 - Fixing components for Link3
2025-11-18 15:15:16,737 INFO  ExportHelperExtension.cs: 1402 - Fixing 71
2025-11-18 15:15:16,737 INFO  ExportHelperExtension.cs: 1409 - Component 71 is already fixed
2025-11-18 15:15:16,738 INFO  ExportHelperExtension.cs: 1402 - Fixing 51
2025-11-18 15:15:16,738 INFO  ExportHelperExtension.cs: 1409 - Component 51 is already fixed
2025-11-18 15:15:16,738 INFO  ExportHelperExtension.cs: 1402 - Fixing 72
2025-11-18 15:15:16,738 INFO  ExportHelperExtension.cs: 1409 - Component 72 is already fixed
2025-11-18 15:15:16,739 INFO  ExportHelperExtension.cs: 1402 - Fixing 49
2025-11-18 15:15:16,739 INFO  ExportHelperExtension.cs: 1409 - Component 49 is already fixed
2025-11-18 15:15:16,740 INFO  ExportHelperExtension.cs: 1402 - Fixing 40
2025-11-18 15:15:16,740 INFO  ExportHelperExtension.cs: 1409 - Component 40 is already fixed
2025-11-18 15:15:16,740 INFO  ExportHelperExtension.cs: 1402 - Fixing 41
2025-11-18 15:15:16,741 INFO  ExportHelperExtension.cs: 1409 - Component 41 is already fixed
2025-11-18 15:15:16,741 INFO  ExportHelperExtension.cs: 1402 - Fixing 48
2025-11-18 15:15:16,741 INFO  ExportHelperExtension.cs: 1409 - Component 48 is already fixed
2025-11-18 15:15:16,742 INFO  ExportHelperExtension.cs: 1402 - Fixing 37
2025-11-18 15:15:16,742 INFO  ExportHelperExtension.cs: 1409 - Component 37 is already fixed
2025-11-18 15:15:16,742 INFO  ExportHelperExtension.cs: 1402 - Fixing 39
2025-11-18 15:15:16,742 INFO  ExportHelperExtension.cs: 1409 - Component 39 is already fixed
2025-11-18 15:15:16,743 INFO  ExportHelperExtension.cs: 1402 - Fixing 36
2025-11-18 15:15:16,743 INFO  ExportHelperExtension.cs: 1409 - Component 36 is already fixed
2025-11-18 15:15:16,743 INFO  ExportHelperExtension.cs: 1402 - Fixing 35
2025-11-18 15:15:16,744 INFO  ExportHelperExtension.cs: 1409 - Component 35 is already fixed
2025-11-18 15:15:17,135 INFO  ExportHelperExtension.cs: 832 - R1: 0, 0
2025-11-18 15:15:17,136 INFO  ExportHelperExtension.cs: 841 - R2: 0, 0
2025-11-18 15:15:17,136 INFO  ExportHelperExtension.cs: 849 - L1: 0
2025-11-18 15:15:17,137 INFO  ExportHelperExtension.cs: 857 - L2: 0
2025-11-18 15:15:18,103 WARN  ExportHelperExtension.cs: 351 - Creating joint from parent Link3 to child Link4 failed
2025-11-18 15:15:18,163 INFO  ExportHelperExtension.cs: 347 - Creating joint Link5
2025-11-18 15:15:18,163 INFO  ExportHelperExtension.cs: 1397 - Fixing components for Link4
2025-11-18 15:15:18,164 INFO  ExportHelperExtension.cs: 1402 - Fixing 50
2025-11-18 15:15:18,165 INFO  ExportHelperExtension.cs: 1409 - Component 50 is already fixed
2025-11-18 15:15:18,165 INFO  ExportHelperExtension.cs: 1402 - Fixing 42
2025-11-18 15:15:18,165 INFO  ExportHelperExtension.cs: 1409 - Component 42 is already fixed
2025-11-18 15:15:18,166 INFO  ExportHelperExtension.cs: 1402 - Fixing 90
2025-11-18 15:15:18,166 INFO  ExportHelperExtension.cs: 1409 - Component 90 is already fixed
2025-11-18 15:15:18,166 INFO  ExportHelperExtension.cs: 1402 - Fixing 71
2025-11-18 15:15:18,167 INFO  ExportHelperExtension.cs: 1409 - Component 71 is already fixed
2025-11-18 15:15:18,167 INFO  ExportHelperExtension.cs: 1402 - Fixing 51
2025-11-18 15:15:18,167 INFO  ExportHelperExtension.cs: 1409 - Component 51 is already fixed
2025-11-18 15:15:18,167 INFO  ExportHelperExtension.cs: 1402 - Fixing 72
2025-11-18 15:15:18,167 INFO  ExportHelperExtension.cs: 1409 - Component 72 is already fixed
2025-11-18 15:15:18,169 INFO  ExportHelperExtension.cs: 1402 - Fixing 49
2025-11-18 15:15:18,169 INFO  ExportHelperExtension.cs: 1409 - Component 49 is already fixed
2025-11-18 15:15:18,169 INFO  ExportHelperExtension.cs: 1402 - Fixing 40
2025-11-18 15:15:18,170 INFO  ExportHelperExtension.cs: 1409 - Component 40 is already fixed
2025-11-18 15:15:18,170 INFO  ExportHelperExtension.cs: 1402 - Fixing 41
2025-11-18 15:15:18,170 INFO  ExportHelperExtension.cs: 1409 - Component 41 is already fixed
2025-11-18 15:15:18,171 INFO  ExportHelperExtension.cs: 1402 - Fixing 48
2025-11-18 15:15:18,171 INFO  ExportHelperExtension.cs: 1409 - Component 48 is already fixed
2025-11-18 15:15:18,171 INFO  ExportHelperExtension.cs: 1402 - Fixing 37
2025-11-18 15:15:18,172 INFO  ExportHelperExtension.cs: 1409 - Component 37 is already fixed
2025-11-18 15:15:18,172 INFO  ExportHelperExtension.cs: 1402 - Fixing 39
2025-11-18 15:15:18,172 INFO  ExportHelperExtension.cs: 1409 - Component 39 is already fixed
2025-11-18 15:15:18,172 INFO  ExportHelperExtension.cs: 1402 - Fixing 36
2025-11-18 15:15:18,173 INFO  ExportHelperExtension.cs: 1409 - Component 36 is already fixed
2025-11-18 15:15:18,173 INFO  ExportHelperExtension.cs: 1402 - Fixing 35
2025-11-18 15:15:18,173 INFO  ExportHelperExtension.cs: 1409 - Component 35 is already fixed
2025-11-18 15:15:18,556 INFO  ExportHelperExtension.cs: 832 - R1: 0, 0
2025-11-18 15:15:18,557 INFO  ExportHelperExtension.cs: 841 - R2: 0, 0
2025-11-18 15:15:18,557 INFO  ExportHelperExtension.cs: 849 - L1: 0
2025-11-18 15:15:18,557 INFO  ExportHelperExtension.cs: 857 - L2: 0
2025-11-18 15:15:19,487 WARN  ExportHelperExtension.cs: 351 - Creating joint from parent Link4 to child Link5 failed
2025-11-18 15:15:21,980 INFO  ExportHelperExtension.cs: 347 - Creating joint Link6
2025-11-18 15:15:21,981 INFO  ExportHelperExtension.cs: 1397 - Fixing components for Link5
2025-11-18 15:15:21,982 INFO  ExportHelperExtension.cs: 1402 - Fixing 43
2025-11-18 15:15:21,982 INFO  ExportHelperExtension.cs: 1409 - Component 43 is already fixed
2025-11-18 15:15:21,982 INFO  ExportHelperExtension.cs: 1402 - Fixing 32
2025-11-18 15:15:21,983 INFO  ExportHelperExtension.cs: 1409 - Component 32 is already fixed
2025-11-18 15:15:21,983 INFO  ExportHelperExtension.cs: 1402 - Fixing 44
2025-11-18 15:15:21,983 INFO  ExportHelperExtension.cs: 1409 - Component 44 is already fixed
2025-11-18 15:15:21,984 INFO  ExportHelperExtension.cs: 1402 - Fixing 34
2025-11-18 15:15:21,984 INFO  ExportHelperExtension.cs: 1409 - Component 34 is already fixed
2025-11-18 15:15:21,984 INFO  ExportHelperExtension.cs: 1402 - Fixing 31
2025-11-18 15:15:21,985 INFO  ExportHelperExtension.cs: 1409 - Component 31 is already fixed
2025-11-18 15:15:21,985 INFO  ExportHelperExtension.cs: 1402 - Fixing 50
2025-11-18 15:15:21,985 INFO  ExportHelperExtension.cs: 1409 - Component 50 is already fixed
2025-11-18 15:15:21,986 INFO  ExportHelperExtension.cs: 1402 - Fixing 42
2025-11-18 15:15:21,986 INFO  ExportHelperExtension.cs: 1409 - Component 42 is already fixed
2025-11-18 15:15:21,986 INFO  ExportHelperExtension.cs: 1402 - Fixing 90
2025-11-18 15:15:21,987 INFO  ExportHelperExtension.cs: 1409 - Component 90 is already fixed
2025-11-18 15:15:21,987 INFO  ExportHelperExtension.cs: 1402 - Fixing 71
2025-11-18 15:15:21,987 INFO  ExportHelperExtension.cs: 1409 - Component 71 is already fixed
2025-11-18 15:15:21,988 INFO  ExportHelperExtension.cs: 1402 - Fixing 51
2025-11-18 15:15:21,988 INFO  ExportHelperExtension.cs: 1409 - Component 51 is already fixed
2025-11-18 15:15:21,988 INFO  ExportHelperExtension.cs: 1402 - Fixing 72
2025-11-18 15:15:21,989 INFO  ExportHelperExtension.cs: 1409 - Component 72 is already fixed
2025-11-18 15:15:21,989 INFO  ExportHelperExtension.cs: 1402 - Fixing 49
2025-11-18 15:15:21,989 INFO  ExportHelperExtension.cs: 1409 - Component 49 is already fixed
2025-11-18 15:15:21,990 INFO  ExportHelperExtension.cs: 1402 - Fixing 40
2025-11-18 15:15:21,990 INFO  ExportHelperExtension.cs: 1409 - Component 40 is already fixed
2025-11-18 15:15:21,990 INFO  ExportHelperExtension.cs: 1402 - Fixing 41
2025-11-18 15:15:21,990 INFO  ExportHelperExtension.cs: 1409 - Component 41 is already fixed
2025-11-18 15:15:21,991 INFO  ExportHelperExtension.cs: 1402 - Fixing 48
2025-11-18 15:15:21,991 INFO  ExportHelperExtension.cs: 1409 - Component 48 is already fixed
2025-11-18 15:15:21,991 INFO  ExportHelperExtension.cs: 1402 - Fixing 37
2025-11-18 15:15:21,992 INFO  ExportHelperExtension.cs: 1409 - Component 37 is already fixed
2025-11-18 15:15:21,992 INFO  ExportHelperExtension.cs: 1402 - Fixing 39
2025-11-18 15:15:21,992 INFO  ExportHelperExtension.cs: 1409 - Component 39 is already fixed
2025-11-18 15:15:21,993 INFO  ExportHelperExtension.cs: 1402 - Fixing 36
2025-11-18 15:15:21,993 INFO  ExportHelperExtension.cs: 1409 - Component 36 is already fixed
2025-11-18 15:15:21,993 INFO  ExportHelperExtension.cs: 1402 - Fixing 35
2025-11-18 15:15:21,994 INFO  ExportHelperExtension.cs: 1409 - Component 35 is already fixed
2025-11-18 15:15:22,685 INFO  ExportHelperExtension.cs: 832 - R1: 0, 0
2025-11-18 15:15:22,685 INFO  ExportHelperExtension.cs: 841 - R2: 0, 0
2025-11-18 15:15:22,686 INFO  ExportHelperExtension.cs: 849 - L1: 0
2025-11-18 15:15:22,686 INFO  ExportHelperExtension.cs: 857 - L2: 0
2025-11-18 15:15:23,722 WARN  ExportHelperExtension.cs: 351 - Creating joint from parent Link5 to child Link6 failed
2025-11-18 15:15:23,864 INFO  ExportHelperExtension.cs: 1125 - Retrieving features of type [CoordSys] from 完整装配
2025-11-18 15:15:23,867 INFO  ExportHelperExtension.cs: 1136 - Found 113 in 完整装配
2025-11-18 15:15:23,867 INFO  ExportHelperExtension.cs: 1145 - Found 7 features of type [CoordSys] in 完整装配
2025-11-18 15:15:23,868 INFO  ExportHelperExtension.cs: 1148 - Proceeding through assembly components
2025-11-18 15:15:23,868 INFO  ExportHelperExtension.cs: 1160 - 21 components to check
2025-11-18 15:15:23,868 INFO  ExportHelperExtension.cs: 1125 - Retrieving features of type [CoordSys] from 6__________-1
2025-11-18 15:15:23,869 INFO  ExportHelperExtension.cs: 1136 - Found 28 in 6__________-1
2025-11-18 15:15:23,869 INFO  ExportHelperExtension.cs: 1145 - Found 0 features of type [CoordSys] in 6__________-1
2025-11-18 15:15:23,869 INFO  ExportHelperExtension.cs: 1125 - Retrieving features of type [CoordSys] from ____2______-1
2025-11-18 15:15:23,870 INFO  ExportHelperExtension.cs: 1136 - Found 28 in ____2______-1
2025-11-18 15:15:23,870 INFO  ExportHelperExtension.cs: 1145 - Found 0 features of type [CoordSys] in ____2______-1
2025-11-18 15:15:23,870 INFO  ExportHelperExtension.cs: 1125 - Retrieving features of type [CoordSys] from 2-3________-1
2025-11-18 15:15:23,871 INFO  ExportHelperExtension.cs: 1136 - Found 28 in 2-3________-1
2025-11-18 15:15:23,871 INFO  ExportHelperExtension.cs: 1145 - Found 0 features of type [CoordSys] in 2-3________-1
2025-11-18 15:15:23,871 INFO  ExportHelperExtension.cs: 1125 - Retrieving features of type [CoordSys] from 2-3________-2
2025-11-18 15:15:23,871 INFO  ExportHelperExtension.cs: 1136 - Found 28 in 2-3________-2
2025-11-18 15:15:23,873 INFO  ExportHelperExtension.cs: 1145 - Found 0 features of type [CoordSys] in 2-3________-2
2025-11-18 15:15:23,873 INFO  ExportHelperExtension.cs: 1125 - Retrieving features of type [CoordSys] from ____1-1
2025-11-18 15:15:23,918 INFO  ExportHelperExtension.cs: 1136 - Found 28 in ____1-1
2025-11-18 15:15:23,919 INFO  ExportHelperExtension.cs: 1145 - Found 0 features of type [CoordSys] in ____1-1
2025-11-18 15:15:23,919 INFO  ExportHelperExtension.cs: 1125 - Retrieving features of type [CoordSys] from ________1-5
2025-11-18 15:15:23,919 INFO  ExportHelperExtension.cs: 1136 - Found 28 in ________1-5
2025-11-18 15:15:23,920 INFO  ExportHelperExtension.cs: 1145 - Found 0 features of type [CoordSys] in ________1-5
2025-11-18 15:15:23,920 INFO  ExportHelperExtension.cs: 1125 - Retrieving features of type [CoordSys] from ________1-3
2025-11-18 15:15:23,920 INFO  ExportHelperExtension.cs: 1136 - Found 28 in ________1-3
2025-11-18 15:15:23,920 INFO  ExportHelperExtension.cs: 1145 - Found 0 features of type [CoordSys] in ________1-3
2025-11-18 15:15:23,921 INFO  ExportHelperExtension.cs: 1125 - Retrieving features of type [CoordSys] from ____-2
2025-11-18 15:15:23,921 INFO  ExportHelperExtension.cs: 1136 - Found 28 in ____-2
2025-11-18 15:15:23,921 INFO  ExportHelperExtension.cs: 1145 - Found 0 features of type [CoordSys] in ____-2
2025-11-18 15:15:23,922 INFO  ExportHelperExtension.cs: 1125 - Retrieving features of type [CoordSys] from ____________-2
2025-11-18 15:15:23,922 INFO  ExportHelperExtension.cs: 1136 - Found 28 in ____________-2
2025-11-18 15:15:23,922 INFO  ExportHelperExtension.cs: 1145 - Found 0 features of type [CoordSys] in ____________-2
2025-11-18 15:15:23,923 INFO  ExportHelperExtension.cs: 1125 - Retrieving features of type [CoordSys] from ____-0-2
2025-11-18 15:15:23,923 INFO  ExportHelperExtension.cs: 1136 - Found 257 in ____-0-2
2025-11-18 15:15:23,924 INFO  ExportHelperExtension.cs: 1145 - Found 0 features of type [CoordSys] in ____-0-2
2025-11-18 15:15:23,924 INFO  ExportHelperExtension.cs: 1125 - Retrieving features of type [CoordSys] from ____2__________-1
2025-11-18 15:15:23,924 INFO  ExportHelperExtension.cs: 1136 - Found 28 in ____2__________-1
2025-11-18 15:15:23,925 INFO  ExportHelperExtension.cs: 1145 - Found 0 features of type [CoordSys] in ____2__________-1
2025-11-18 15:15:23,925 INFO  ExportHelperExtension.cs: 1125 - Retrieving features of type [CoordSys] from ________1-2
2025-11-18 15:15:23,925 INFO  ExportHelperExtension.cs: 1136 - Found 28 in ________1-2
2025-11-18 15:15:23,925 INFO  ExportHelperExtension.cs: 1145 - Found 0 features of type [CoordSys] in ________1-2
2025-11-18 15:15:23,926 INFO  ExportHelperExtension.cs: 1125 - Retrieving features of type [CoordSys] from 5__________-1
2025-11-18 15:15:23,926 INFO  ExportHelperExtension.cs: 1136 - Found 28 in 5__________-1
2025-11-18 15:15:23,926 INFO  ExportHelperExtension.cs: 1145 - Found 0 features of type [CoordSys] in 5__________-1
2025-11-18 15:15:23,927 INFO  ExportHelperExtension.cs: 1125 - Retrieving features of type [CoordSys] from ____2-1
2025-11-18 15:15:23,927 INFO  ExportHelperExtension.cs: 1136 - Found 28 in ____2-1
2025-11-18 15:15:23,928 INFO  ExportHelperExtension.cs: 1145 - Found 0 features of type [CoordSys] in ____2-1
2025-11-18 15:15:23,928 INFO  ExportHelperExtension.cs: 1125 - Retrieving features of type [CoordSys] from 2-3____________-1
2025-11-18 15:15:23,928 INFO  ExportHelperExtension.cs: 1136 - Found 28 in 2-3____________-1
2025-11-18 15:15:23,929 INFO  ExportHelperExtension.cs: 1145 - Found 0 features of type [CoordSys] in 2-3____________-1
2025-11-18 15:15:23,929 INFO  ExportHelperExtension.cs: 1125 - Retrieving features of type [CoordSys] from ________1-4
2025-11-18 15:15:23,930 INFO  ExportHelperExtension.cs: 1136 - Found 28 in ________1-4
2025-11-18 15:15:23,930 INFO  ExportHelperExtension.cs: 1145 - Found 0 features of type [CoordSys] in ________1-4
2025-11-18 15:15:23,930 INFO  ExportHelperExtension.cs: 1125 - Retrieving features of type [CoordSys] from 6______________-1
2025-11-18 15:15:23,931 INFO  ExportHelperExtension.cs: 1136 - Found 28 in 6______________-1
2025-11-18 15:15:23,931 INFO  ExportHelperExtension.cs: 1145 - Found 0 features of type [CoordSys] in 6______________-1
2025-11-18 15:15:23,931 INFO  ExportHelperExtension.cs: 1125 - Retrieving features of type [CoordSys] from ____2__________-2
2025-11-18 15:15:23,931 INFO  ExportHelperExtension.cs: 1136 - Found 28 in ____2__________-2
2025-11-18 15:15:23,931 INFO  ExportHelperExtension.cs: 1145 - Found 0 features of type [CoordSys] in ____2__________-2
2025-11-18 15:15:23,931 INFO  ExportHelperExtension.cs: 1125 - Retrieving features of type [CoordSys] from ________1-6
2025-11-18 15:15:23,933 INFO  ExportHelperExtension.cs: 1136 - Found 28 in ________1-6
2025-11-18 15:15:23,933 INFO  ExportHelperExtension.cs: 1145 - Found 0 features of type [CoordSys] in ________1-6
2025-11-18 15:15:23,933 INFO  ExportHelperExtension.cs: 1125 - Retrieving features of type [CoordSys] from 2-3____________-2
2025-11-18 15:15:23,934 INFO  ExportHelperExtension.cs: 1136 - Found 28 in 2-3____________-2
2025-11-18 15:15:23,934 INFO  ExportHelperExtension.cs: 1145 - Found 0 features of type [CoordSys] in 2-3____________-2
2025-11-18 15:15:23,934 INFO  ExportHelperExtension.cs: 1125 - Retrieving features of type [CoordSys] from ________1-8
2025-11-18 15:15:23,934 INFO  ExportHelperExtension.cs: 1136 - Found 28 in ________1-8
2025-11-18 15:15:23,935 INFO  ExportHelperExtension.cs: 1145 - Found 0 features of type [CoordSys] in ________1-8
2025-11-18 15:15:23,935 INFO  ExportHelperExtension.cs: 1125 - Retrieving features of type [RefAxis] from 完整装配
2025-11-18 15:15:23,935 INFO  ExportHelperExtension.cs: 1136 - Found 113 in 完整装配
2025-11-18 15:15:23,936 INFO  ExportHelperExtension.cs: 1145 - Found 6 features of type [RefAxis] in 完整装配
2025-11-18 15:15:23,936 INFO  ExportHelperExtension.cs: 1148 - Proceeding through assembly components
2025-11-18 15:15:23,937 INFO  ExportHelperExtension.cs: 1160 - 21 components to check
2025-11-18 15:15:23,937 INFO  ExportHelperExtension.cs: 1125 - Retrieving features of type [RefAxis] from 6__________-1
2025-11-18 15:15:23,937 INFO  ExportHelperExtension.cs: 1136 - Found 28 in 6__________-1
2025-11-18 15:15:23,937 INFO  ExportHelperExtension.cs: 1145 - Found 0 features of type [RefAxis] in 6__________-1
2025-11-18 15:15:23,938 INFO  ExportHelperExtension.cs: 1125 - Retrieving features of type [RefAxis] from ____2______-1
2025-11-18 15:15:23,938 INFO  ExportHelperExtension.cs: 1136 - Found 28 in ____2______-1
2025-11-18 15:15:23,939 INFO  ExportHelperExtension.cs: 1145 - Found 0 features of type [RefAxis] in ____2______-1
2025-11-18 15:15:23,939 INFO  ExportHelperExtension.cs: 1125 - Retrieving features of type [RefAxis] from 2-3________-1
2025-11-18 15:15:23,939 INFO  ExportHelperExtension.cs: 1136 - Found 28 in 2-3________-1
2025-11-18 15:15:23,939 INFO  ExportHelperExtension.cs: 1145 - Found 0 features of type [RefAxis] in 2-3________-1
2025-11-18 15:15:23,940 INFO  ExportHelperExtension.cs: 1125 - Retrieving features of type [RefAxis] from 2-3________-2
2025-11-18 15:15:23,940 INFO  ExportHelperExtension.cs: 1136 - Found 28 in 2-3________-2
2025-11-18 15:15:23,940 INFO  ExportHelperExtension.cs: 1145 - Found 0 features of type [RefAxis] in 2-3________-2
2025-11-18 15:15:23,941 INFO  ExportHelperExtension.cs: 1125 - Retrieving features of type [RefAxis] from ____1-1
2025-11-18 15:15:23,941 INFO  ExportHelperExtension.cs: 1136 - Found 28 in ____1-1
2025-11-18 15:15:23,941 INFO  ExportHelperExtension.cs: 1145 - Found 0 features of type [RefAxis] in ____1-1
2025-11-18 15:15:23,942 INFO  ExportHelperExtension.cs: 1125 - Retrieving features of type [RefAxis] from ________1-5
2025-11-18 15:15:23,942 INFO  ExportHelperExtension.cs: 1136 - Found 28 in ________1-5
2025-11-18 15:15:23,942 INFO  ExportHelperExtension.cs: 1145 - Found 0 features of type [RefAxis] in ________1-5
2025-11-18 15:15:23,942 INFO  ExportHelperExtension.cs: 1125 - Retrieving features of type [RefAxis] from ________1-3
2025-11-18 15:15:23,943 INFO  ExportHelperExtension.cs: 1136 - Found 28 in ________1-3
2025-11-18 15:15:23,943 INFO  ExportHelperExtension.cs: 1145 - Found 0 features of type [RefAxis] in ________1-3
2025-11-18 15:15:23,944 INFO  ExportHelperExtension.cs: 1125 - Retrieving features of type [RefAxis] from ____-2
2025-11-18 15:15:23,944 INFO  ExportHelperExtension.cs: 1136 - Found 28 in ____-2
2025-11-18 15:15:23,944 INFO  ExportHelperExtension.cs: 1145 - Found 0 features of type [RefAxis] in ____-2
2025-11-18 15:15:23,945 INFO  ExportHelperExtension.cs: 1125 - Retrieving features of type [RefAxis] from ____________-2
2025-11-18 15:15:23,945 INFO  ExportHelperExtension.cs: 1136 - Found 28 in ____________-2
2025-11-18 15:15:23,946 INFO  ExportHelperExtension.cs: 1145 - Found 0 features of type [RefAxis] in ____________-2
2025-11-18 15:15:23,946 INFO  ExportHelperExtension.cs: 1125 - Retrieving features of type [RefAxis] from ____-0-2
2025-11-18 15:15:23,947 INFO  ExportHelperExtension.cs: 1136 - Found 257 in ____-0-2
2025-11-18 15:15:23,948 INFO  ExportHelperExtension.cs: 1145 - Found 0 features of type [RefAxis] in ____-0-2
2025-11-18 15:15:23,948 INFO  ExportHelperExtension.cs: 1125 - Retrieving features of type [RefAxis] from ____2__________-1
2025-11-18 15:15:23,948 INFO  ExportHelperExtension.cs: 1136 - Found 28 in ____2__________-1
2025-11-18 15:15:23,949 INFO  ExportHelperExtension.cs: 1145 - Found 0 features of type [RefAxis] in ____2__________-1
2025-11-18 15:15:23,949 INFO  ExportHelperExtension.cs: 1125 - Retrieving features of type [RefAxis] from ________1-2
2025-11-18 15:15:23,949 INFO  ExportHelperExtension.cs: 1136 - Found 28 in ________1-2
2025-11-18 15:15:23,950 INFO  ExportHelperExtension.cs: 1145 - Found 0 features of type [RefAxis] in ________1-2
2025-11-18 15:15:23,950 INFO  ExportHelperExtension.cs: 1125 - Retrieving features of type [RefAxis] from 5__________-1
2025-11-18 15:15:23,950 INFO  ExportHelperExtension.cs: 1136 - Found 28 in 5__________-1
2025-11-18 15:15:23,951 INFO  ExportHelperExtension.cs: 1145 - Found 0 features of type [RefAxis] in 5__________-1
2025-11-18 15:15:23,951 INFO  ExportHelperExtension.cs: 1125 - Retrieving features of type [RefAxis] from ____2-1
2025-11-18 15:15:23,951 INFO  ExportHelperExtension.cs: 1136 - Found 28 in ____2-1
2025-11-18 15:15:23,952 INFO  ExportHelperExtension.cs: 1145 - Found 0 features of type [RefAxis] in ____2-1
2025-11-18 15:15:23,952 INFO  ExportHelperExtension.cs: 1125 - Retrieving features of type [RefAxis] from 2-3____________-1
2025-11-18 15:15:23,952 INFO  ExportHelperExtension.cs: 1136 - Found 28 in 2-3____________-1
2025-11-18 15:15:23,952 INFO  ExportHelperExtension.cs: 1145 - Found 0 features of type [RefAxis] in 2-3____________-1
2025-11-18 15:15:23,952 INFO  ExportHelperExtension.cs: 1125 - Retrieving features of type [RefAxis] from ________1-4
2025-11-18 15:15:23,953 INFO  ExportHelperExtension.cs: 1136 - Found 28 in ________1-4
2025-11-18 15:15:23,953 INFO  ExportHelperExtension.cs: 1145 - Found 0 features of type [RefAxis] in ________1-4
2025-11-18 15:15:23,953 INFO  ExportHelperExtension.cs: 1125 - Retrieving features of type [RefAxis] from 6______________-1
2025-11-18 15:15:23,954 INFO  ExportHelperExtension.cs: 1136 - Found 28 in 6______________-1
2025-11-18 15:15:23,954 INFO  ExportHelperExtension.cs: 1145 - Found 0 features of type [RefAxis] in 6______________-1
2025-11-18 15:15:23,954 INFO  ExportHelperExtension.cs: 1125 - Retrieving features of type [RefAxis] from ____2__________-2
2025-11-18 15:15:23,955 INFO  ExportHelperExtension.cs: 1136 - Found 28 in ____2__________-2
2025-11-18 15:15:23,955 INFO  ExportHelperExtension.cs: 1145 - Found 0 features of type [RefAxis] in ____2__________-2
2025-11-18 15:15:23,955 INFO  ExportHelperExtension.cs: 1125 - Retrieving features of type [RefAxis] from ________1-6
2025-11-18 15:15:23,956 INFO  ExportHelperExtension.cs: 1136 - Found 28 in ________1-6
2025-11-18 15:15:23,956 INFO  ExportHelperExtension.cs: 1145 - Found 0 features of type [RefAxis] in ________1-6
2025-11-18 15:15:23,956 INFO  ExportHelperExtension.cs: 1125 - Retrieving features of type [RefAxis] from 2-3____________-2
2025-11-18 15:15:23,956 INFO  ExportHelperExtension.cs: 1136 - Found 28 in 2-3____________-2
2025-11-18 15:15:23,967 INFO  ExportHelperExtension.cs: 1145 - Found 0 features of type [RefAxis] in 2-3____________-2
2025-11-18 15:15:23,967 INFO  ExportHelperExtension.cs: 1125 - Retrieving features of type [RefAxis] from ________1-8
2025-11-18 15:15:23,984 INFO  ExportHelperExtension.cs: 1136 - Found 28 in ________1-8
2025-11-18 15:15:23,985 INFO  ExportHelperExtension.cs: 1145 - Found 0 features of type [RefAxis] in ________1-8
2025-11-18 15:15:24,050 INFO  ExportPropertyManager.cs: 1142 - AfterClose called. This method no longer throws an Exception. It just silently does nothing. Ok, except for this logging message
2025-11-18 15:17:15,204 INFO  SwAddin.cs: 294 - Assembly export called for file 完整装配
2025-11-18 15:17:15,204 INFO  SwAddin.cs: 299 - Save is required
2025-11-18 15:17:15,205 INFO  SwAddin.cs: 313 - Saving assembly
2025-11-18 15:17:16,060 INFO  SwAddin.cs: 316 - Opening property manager
2025-11-18 15:17:16,061 INFO  ExportHelperExtension.cs: 1125 - Retrieving features of type [CoordSys] from 完整装配
2025-11-18 15:17:16,061 INFO  ExportHelperExtension.cs: 1136 - Found 104 in 完整装配
2025-11-18 15:17:16,062 INFO  ExportHelperExtension.cs: 1145 - Found 0 features of type [CoordSys] in 完整装配
2025-11-18 15:17:16,062 INFO  ExportHelperExtension.cs: 1148 - Proceeding through assembly components
2025-11-18 15:17:16,062 INFO  ExportHelperExtension.cs: 1160 - 21 components to check
2025-11-18 15:17:16,063 INFO  ExportHelperExtension.cs: 1125 - Retrieving features of type [CoordSys] from 6__________-1
2025-11-18 15:17:16,063 INFO  ExportHelperExtension.cs: 1136 - Found 28 in 6__________-1
2025-11-18 15:17:16,064 INFO  ExportHelperExtension.cs: 1145 - Found 0 features of type [CoordSys] in 6__________-1
2025-11-18 15:17:16,064 INFO  ExportHelperExtension.cs: 1125 - Retrieving features of type [CoordSys] from ____2______-1
2025-11-18 15:17:16,064 INFO  ExportHelperExtension.cs: 1136 - Found 28 in ____2______-1
2025-11-18 15:17:16,065 INFO  ExportHelperExtension.cs: 1145 - Found 0 features of type [CoordSys] in ____2______-1
2025-11-18 15:17:16,065 INFO  ExportHelperExtension.cs: 1125 - Retrieving features of type [CoordSys] from 2-3________-1
2025-11-18 15:17:16,066 INFO  ExportHelperExtension.cs: 1136 - Found 28 in 2-3________-1
2025-11-18 15:17:16,066 INFO  ExportHelperExtension.cs: 1145 - Found 0 features of type [CoordSys] in 2-3________-1
2025-11-18 15:17:16,067 INFO  ExportHelperExtension.cs: 1125 - Retrieving features of type [CoordSys] from 2-3________-2
2025-11-18 15:17:16,067 INFO  ExportHelperExtension.cs: 1136 - Found 28 in 2-3________-2
2025-11-18 15:17:16,067 INFO  ExportHelperExtension.cs: 1145 - Found 0 features of type [CoordSys] in 2-3________-2
2025-11-18 15:17:16,068 INFO  ExportHelperExtension.cs: 1125 - Retrieving features of type [CoordSys] from ____1-1
2025-11-18 15:17:16,068 INFO  ExportHelperExtension.cs: 1136 - Found 28 in ____1-1
2025-11-18 15:17:16,069 INFO  ExportHelperExtension.cs: 1145 - Found 0 features of type [CoordSys] in ____1-1
2025-11-18 15:17:16,069 INFO  ExportHelperExtension.cs: 1125 - Retrieving features of type [CoordSys] from ________1-5
2025-11-18 15:17:16,069 INFO  ExportHelperExtension.cs: 1136 - Found 28 in ________1-5
2025-11-18 15:17:16,070 INFO  ExportHelperExtension.cs: 1145 - Found 0 features of type [CoordSys] in ________1-5
2025-11-18 15:17:16,070 INFO  ExportHelperExtension.cs: 1125 - Retrieving features of type [CoordSys] from ________1-3
2025-11-18 15:17:16,071 INFO  ExportHelperExtension.cs: 1136 - Found 28 in ________1-3
2025-11-18 15:17:16,071 INFO  ExportHelperExtension.cs: 1145 - Found 0 features of type [CoordSys] in ________1-3
2025-11-18 15:17:16,071 INFO  ExportHelperExtension.cs: 1125 - Retrieving features of type [CoordSys] from ____-2
2025-11-18 15:17:16,072 INFO  ExportHelperExtension.cs: 1136 - Found 28 in ____-2
2025-11-18 15:17:16,073 INFO  ExportHelperExtension.cs: 1145 - Found 0 features of type [CoordSys] in ____-2
2025-11-18 15:17:16,073 INFO  ExportHelperExtension.cs: 1125 - Retrieving features of type [CoordSys] from ____________-2
2025-11-18 15:17:16,074 INFO  ExportHelperExtension.cs: 1136 - Found 28 in ____________-2
2025-11-18 15:17:16,074 INFO  ExportHelperExtension.cs: 1145 - Found 0 features of type [CoordSys] in ____________-2
2025-11-18 15:17:16,074 INFO  ExportHelperExtension.cs: 1125 - Retrieving features of type [CoordSys] from ____-0-2
2025-11-18 15:17:16,076 INFO  ExportHelperExtension.cs: 1136 - Found 257 in ____-0-2
2025-11-18 15:17:16,077 INFO  ExportHelperExtension.cs: 1145 - Found 0 features of type [CoordSys] in ____-0-2
2025-11-18 15:17:16,078 INFO  ExportHelperExtension.cs: 1125 - Retrieving features of type [CoordSys] from ____2__________-1
2025-11-18 15:17:16,078 INFO  ExportHelperExtension.cs: 1136 - Found 28 in ____2__________-1
2025-11-18 15:17:16,079 INFO  ExportHelperExtension.cs: 1145 - Found 0 features of type [CoordSys] in ____2__________-1
2025-11-18 15:17:16,079 INFO  ExportHelperExtension.cs: 1125 - Retrieving features of type [CoordSys] from ________1-2
2025-11-18 15:17:16,079 INFO  ExportHelperExtension.cs: 1136 - Found 28 in ________1-2
2025-11-18 15:17:16,080 INFO  ExportHelperExtension.cs: 1145 - Found 0 features of type [CoordSys] in ________1-2
2025-11-18 15:17:16,080 INFO  ExportHelperExtension.cs: 1125 - Retrieving features of type [CoordSys] from 5__________-1
2025-11-18 15:17:16,081 INFO  ExportHelperExtension.cs: 1136 - Found 28 in 5__________-1
2025-11-18 15:17:16,081 INFO  ExportHelperExtension.cs: 1145 - Found 0 features of type [CoordSys] in 5__________-1
2025-11-18 15:17:16,081 INFO  ExportHelperExtension.cs: 1125 - Retrieving features of type [CoordSys] from ____2-1
2025-11-18 15:17:16,082 INFO  ExportHelperExtension.cs: 1136 - Found 28 in ____2-1
2025-11-18 15:17:16,082 INFO  ExportHelperExtension.cs: 1145 - Found 0 features of type [CoordSys] in ____2-1
2025-11-18 15:17:16,082 INFO  ExportHelperExtension.cs: 1125 - Retrieving features of type [CoordSys] from 2-3____________-1
2025-11-18 15:17:16,083 INFO  ExportHelperExtension.cs: 1136 - Found 28 in 2-3____________-1
2025-11-18 15:17:16,083 INFO  ExportHelperExtension.cs: 1145 - Found 0 features of type [CoordSys] in 2-3____________-1
2025-11-18 15:17:16,083 INFO  ExportHelperExtension.cs: 1125 - Retrieving features of type [CoordSys] from ________1-4
2025-11-18 15:17:16,084 INFO  ExportHelperExtension.cs: 1136 - Found 28 in ________1-4
2025-11-18 15:17:16,084 INFO  ExportHelperExtension.cs: 1145 - Found 0 features of type [CoordSys] in ________1-4
2025-11-18 15:17:16,085 INFO  ExportHelperExtension.cs: 1125 - Retrieving features of type [CoordSys] from 6______________-1
2025-11-18 15:17:16,085 INFO  ExportHelperExtension.cs: 1136 - Found 28 in 6______________-1
2025-11-18 15:17:16,086 INFO  ExportHelperExtension.cs: 1145 - Found 0 features of type [CoordSys] in 6______________-1
2025-11-18 15:17:16,086 INFO  ExportHelperExtension.cs: 1125 - Retrieving features of type [CoordSys] from ____2__________-2
2025-11-18 15:17:16,086 INFO  ExportHelperExtension.cs: 1136 - Found 28 in ____2__________-2
2025-11-18 15:17:16,087 INFO  ExportHelperExtension.cs: 1145 - Found 0 features of type [CoordSys] in ____2__________-2
2025-11-18 15:17:16,087 INFO  ExportHelperExtension.cs: 1125 - Retrieving features of type [CoordSys] from ________1-6
2025-11-18 15:17:16,087 INFO  ExportHelperExtension.cs: 1136 - Found 28 in ________1-6
2025-11-18 15:17:16,088 INFO  ExportHelperExtension.cs: 1145 - Found 0 features of type [CoordSys] in ________1-6
2025-11-18 15:17:16,088 INFO  ExportHelperExtension.cs: 1125 - Retrieving features of type [CoordSys] from 2-3____________-2
2025-11-18 15:17:16,088 INFO  ExportHelperExtension.cs: 1136 - Found 28 in 2-3____________-2
2025-11-18 15:17:16,089 INFO  ExportHelperExtension.cs: 1145 - Found 0 features of type [CoordSys] in 2-3____________-2
2025-11-18 15:17:16,089 INFO  ExportHelperExtension.cs: 1125 - Retrieving features of type [CoordSys] from ________1-8
2025-11-18 15:17:16,089 INFO  ExportHelperExtension.cs: 1136 - Found 28 in ________1-8
2025-11-18 15:17:16,090 INFO  ExportHelperExtension.cs: 1145 - Found 0 features of type [CoordSys] in ________1-8
2025-11-18 15:17:16,090 INFO  ExportHelperExtension.cs: 1125 - Retrieving features of type [RefAxis] from 完整装配
2025-11-18 15:17:16,091 INFO  ExportHelperExtension.cs: 1136 - Found 104 in 完整装配
2025-11-18 15:17:16,091 INFO  ExportHelperExtension.cs: 1145 - Found 6 features of type [RefAxis] in 完整装配
2025-11-18 15:17:16,092 INFO  ExportHelperExtension.cs: 1148 - Proceeding through assembly components
2025-11-18 15:17:16,092 INFO  ExportHelperExtension.cs: 1160 - 21 components to check
2025-11-18 15:17:16,093 INFO  ExportHelperExtension.cs: 1125 - Retrieving features of type [RefAxis] from 6__________-1
2025-11-18 15:17:16,093 INFO  ExportHelperExtension.cs: 1136 - Found 28 in 6__________-1
2025-11-18 15:17:16,093 INFO  ExportHelperExtension.cs: 1145 - Found 0 features of type [RefAxis] in 6__________-1
2025-11-18 15:17:16,094 INFO  ExportHelperExtension.cs: 1125 - Retrieving features of type [RefAxis] from ____2______-1
2025-11-18 15:17:16,094 INFO  ExportHelperExtension.cs: 1136 - Found 28 in ____2______-1
2025-11-18 15:17:16,094 INFO  ExportHelperExtension.cs: 1145 - Found 0 features of type [RefAxis] in ____2______-1
2025-11-18 15:17:16,095 INFO  ExportHelperExtension.cs: 1125 - Retrieving features of type [RefAxis] from 2-3________-1
2025-11-18 15:17:16,095 INFO  ExportHelperExtension.cs: 1136 - Found 28 in 2-3________-1
2025-11-18 15:17:16,095 INFO  ExportHelperExtension.cs: 1145 - Found 0 features of type [RefAxis] in 2-3________-1
2025-11-18 15:17:16,096 INFO  ExportHelperExtension.cs: 1125 - Retrieving features of type [RefAxis] from 2-3________-2
2025-11-18 15:17:16,096 INFO  ExportHelperExtension.cs: 1136 - Found 28 in 2-3________-2
2025-11-18 15:17:16,096 INFO  ExportHelperExtension.cs: 1145 - Found 0 features of type [RefAxis] in 2-3________-2
2025-11-18 15:17:16,097 INFO  ExportHelperExtension.cs: 1125 - Retrieving features of type [RefAxis] from ____1-1
2025-11-18 15:17:16,097 INFO  ExportHelperExtension.cs: 1136 - Found 28 in ____1-1
2025-11-18 15:17:16,097 INFO  ExportHelperExtension.cs: 1145 - Found 0 features of type [RefAxis] in ____1-1
2025-11-18 15:17:16,098 INFO  ExportHelperExtension.cs: 1125 - Retrieving features of type [RefAxis] from ________1-5
2025-11-18 15:17:16,098 INFO  ExportHelperExtension.cs: 1136 - Found 28 in ________1-5
2025-11-18 15:17:16,098 INFO  ExportHelperExtension.cs: 1145 - Found 0 features of type [RefAxis] in ________1-5
2025-11-18 15:17:16,099 INFO  ExportHelperExtension.cs: 1125 - Retrieving features of type [RefAxis] from ________1-3
2025-11-18 15:17:16,099 INFO  ExportHelperExtension.cs: 1136 - Found 28 in ________1-3
2025-11-18 15:17:16,100 INFO  ExportHelperExtension.cs: 1145 - Found 0 features of type [RefAxis] in ________1-3
2025-11-18 15:17:16,100 INFO  ExportHelperExtension.cs: 1125 - Retrieving features of type [RefAxis] from ____-2
2025-11-18 15:17:16,100 INFO  ExportHelperExtension.cs: 1136 - Found 28 in ____-2
2025-11-18 15:17:16,101 INFO  ExportHelperExtension.cs: 1145 - Found 0 features of type [RefAxis] in ____-2
2025-11-18 15:17:16,101 INFO  ExportHelperExtension.cs: 1125 - Retrieving features of type [RefAxis] from ____________-2
2025-11-18 15:17:16,102 INFO  ExportHelperExtension.cs: 1136 - Found 28 in ____________-2
2025-11-18 15:17:16,102 INFO  ExportHelperExtension.cs: 1145 - Found 0 features of type [RefAxis] in ____________-2
2025-11-18 15:17:16,102 INFO  ExportHelperExtension.cs: 1125 - Retrieving features of type [RefAxis] from ____-0-2
2025-11-18 15:17:16,103 INFO  ExportHelperExtension.cs: 1136 - Found 257 in ____-0-2
2025-11-18 15:17:16,104 INFO  ExportHelperExtension.cs: 1145 - Found 0 features of type [RefAxis] in ____-0-2
2025-11-18 15:17:16,104 INFO  ExportHelperExtension.cs: 1125 - Retrieving features of type [RefAxis] from ____2__________-1
2025-11-18 15:17:16,105 INFO  ExportHelperExtension.cs: 1136 - Found 28 in ____2__________-1
2025-11-18 15:17:16,105 INFO  ExportHelperExtension.cs: 1145 - Found 0 features of type [RefAxis] in ____2__________-1
2025-11-18 15:17:16,105 INFO  ExportHelperExtension.cs: 1125 - Retrieving features of type [RefAxis] from ________1-2
2025-11-18 15:17:16,106 INFO  ExportHelperExtension.cs: 1136 - Found 28 in ________1-2
2025-11-18 15:17:16,106 INFO  ExportHelperExtension.cs: 1145 - Found 0 features of type [RefAxis] in ________1-2
2025-11-18 15:17:16,106 INFO  ExportHelperExtension.cs: 1125 - Retrieving features of type [RefAxis] from 5__________-1
2025-11-18 15:17:16,107 INFO  ExportHelperExtension.cs: 1136 - Found 28 in 5__________-1
2025-11-18 15:17:16,107 INFO  ExportHelperExtension.cs: 1145 - Found 0 features of type [RefAxis] in 5__________-1
2025-11-18 15:17:16,108 INFO  ExportHelperExtension.cs: 1125 - Retrieving features of type [RefAxis] from ____2-1
2025-11-18 15:17:16,108 INFO  ExportHelperExtension.cs: 1136 - Found 28 in ____2-1
2025-11-18 15:17:16,108 INFO  ExportHelperExtension.cs: 1145 - Found 0 features of type [RefAxis] in ____2-1
2025-11-18 15:17:16,109 INFO  ExportHelperExtension.cs: 1125 - Retrieving features of type [RefAxis] from 2-3____________-1
2025-11-18 15:17:16,109 INFO  ExportHelperExtension.cs: 1136 - Found 28 in 2-3____________-1
2025-11-18 15:17:16,110 INFO  ExportHelperExtension.cs: 1145 - Found 0 features of type [RefAxis] in 2-3____________-1
2025-11-18 15:17:16,110 INFO  ExportHelperExtension.cs: 1125 - Retrieving features of type [RefAxis] from ________1-4
2025-11-18 15:17:16,110 INFO  ExportHelperExtension.cs: 1136 - Found 28 in ________1-4
2025-11-18 15:17:16,111 INFO  ExportHelperExtension.cs: 1145 - Found 0 features of type [RefAxis] in ________1-4
2025-11-18 15:17:16,111 INFO  ExportHelperExtension.cs: 1125 - Retrieving features of type [RefAxis] from 6______________-1
2025-11-18 15:17:16,112 INFO  ExportHelperExtension.cs: 1136 - Found 28 in 6______________-1
2025-11-18 15:17:16,112 INFO  ExportHelperExtension.cs: 1145 - Found 0 features of type [RefAxis] in 6______________-1
2025-11-18 15:17:16,113 INFO  ExportHelperExtension.cs: 1125 - Retrieving features of type [RefAxis] from ____2__________-2
2025-11-18 15:17:16,113 INFO  ExportHelperExtension.cs: 1136 - Found 28 in ____2__________-2
2025-11-18 15:17:16,113 INFO  ExportHelperExtension.cs: 1145 - Found 0 features of type [RefAxis] in ____2__________-2
2025-11-18 15:17:16,117 INFO  ExportHelperExtension.cs: 1125 - Retrieving features of type [RefAxis] from ________1-6
2025-11-18 15:17:16,126 INFO  ExportHelperExtension.cs: 1136 - Found 28 in ________1-6
2025-11-18 15:17:16,126 INFO  ExportHelperExtension.cs: 1145 - Found 0 features of type [RefAxis] in ________1-6
2025-11-18 15:17:16,127 INFO  ExportHelperExtension.cs: 1125 - Retrieving features of type [RefAxis] from 2-3____________-2
2025-11-18 15:17:16,127 INFO  ExportHelperExtension.cs: 1136 - Found 28 in 2-3____________-2
2025-11-18 15:17:16,127 INFO  ExportHelperExtension.cs: 1145 - Found 0 features of type [RefAxis] in 2-3____________-2
2025-11-18 15:17:16,128 INFO  ExportHelperExtension.cs: 1125 - Retrieving features of type [RefAxis] from ________1-8
2025-11-18 15:17:16,128 INFO  ExportHelperExtension.cs: 1136 - Found 28 in ________1-8
2025-11-18 15:17:16,128 INFO  ExportHelperExtension.cs: 1145 - Found 0 features of type [RefAxis] in ________1-8
2025-11-18 15:17:16,219 INFO  SwAddin.cs: 339 - Loading config tree
2025-11-18 15:17:16,220 INFO  ExportPropertyManagerExtension.cs: 520 - Starting new configuration
2025-11-18 15:17:16,221 INFO  SwAddin.cs: 344 - Showing property manager
2025-11-18 15:17:24,380 INFO  ExportPropertyManager.cs: 1136 - OnNumberBoxTrackingCompleted called. This method no longer throws an Exception. It just silently does nothing. Ok, except for this logging message
2025-11-18 15:17:45,352 INFO  ExportPropertyManager.cs: 1136 - OnNumberBoxTrackingCompleted called. This method no longer throws an Exception. It just silently does nothing. Ok, except for this logging message
2025-11-18 15:17:50,046 INFO  ExportPropertyManager.cs: 1018 - OnComboboxSelectionChanged called. This method no longer throws an Exception. It just silently does nothing. Ok, except for this logging message
2025-11-18 15:18:01,617 INFO  ExportPropertyManager.cs: 1018 - OnComboboxSelectionChanged called. This method no longer throws an Exception. It just silently does nothing. Ok, except for this logging message
2025-11-18 15:18:05,747 INFO  ExportPropertyManager.cs: 1018 - OnComboboxSelectionChanged called. This method no longer throws an Exception. It just silently does nothing. Ok, except for this logging message
2025-11-18 15:18:20,202 INFO  ExportPropertyManager.cs: 1018 - OnComboboxSelectionChanged called. This method no longer throws an Exception. It just silently does nothing. Ok, except for this logging message
2025-11-18 15:18:26,326 INFO  ExportPropertyManager.cs: 1136 - OnNumberBoxTrackingCompleted called. This method no longer throws an Exception. It just silently does nothing. Ok, except for this logging message
2025-11-18 15:18:37,514 INFO  ExportPropertyManager.cs: 1018 - OnComboboxSelectionChanged called. This method no longer throws an Exception. It just silently does nothing. Ok, except for this logging message
2025-11-18 15:18:39,847 INFO  ExportPropertyManager.cs: 1018 - OnComboboxSelectionChanged called. This method no longer throws an Exception. It just silently does nothing. Ok, except for this logging message
2025-11-18 15:18:48,243 INFO  ExportPropertyManager.cs: 1136 - OnNumberBoxTrackingCompleted called. This method no longer throws an Exception. It just silently does nothing. Ok, except for this logging message
2025-11-18 15:19:00,755 INFO  ExportPropertyManager.cs: 1018 - OnComboboxSelectionChanged called. This method no longer throws an Exception. It just silently does nothing. Ok, except for this logging message
2025-11-18 15:19:02,465 INFO  ExportPropertyManager.cs: 1018 - OnComboboxSelectionChanged called. This method no longer throws an Exception. It just silently does nothing. Ok, except for this logging message
2025-11-18 15:19:10,533 INFO  ExportPropertyManager.cs: 1136 - OnNumberBoxTrackingCompleted called. This method no longer throws an Exception. It just silently does nothing. Ok, except for this logging message
2025-11-18 15:19:21,678 INFO  ExportPropertyManager.cs: 1018 - OnComboboxSelectionChanged called. This method no longer throws an Exception. It just silently does nothing. Ok, except for this logging message
2025-11-18 15:19:23,706 INFO  ExportPropertyManager.cs: 1018 - OnComboboxSelectionChanged called. This method no longer throws an Exception. It just silently does nothing. Ok, except for this logging message
2025-11-18 15:19:34,614 INFO  ExportPropertyManager.cs: 1136 - OnNumberBoxTrackingCompleted called. This method no longer throws an Exception. It just silently does nothing. Ok, except for this logging message
2025-11-18 15:19:45,806 INFO  ExportPropertyManager.cs: 1018 - OnComboboxSelectionChanged called. This method no longer throws an Exception. It just silently does nothing. Ok, except for this logging message
2025-11-18 15:19:47,513 INFO  ExportPropertyManager.cs: 1018 - OnComboboxSelectionChanged called. This method no longer throws an Exception. It just silently does nothing. Ok, except for this logging message
2025-11-18 15:19:52,318 INFO  ExportPropertyManager.cs: 422 - Configuration saved
2025-11-18 15:19:53,835 INFO  ExportHelperExtension.cs: 347 - Creating joint Link1
2025-11-18 15:19:53,836 INFO  ExportHelperExtension.cs: 1397 - Fixing components for base_link
2025-11-18 15:19:53,836 INFO  ExportHelperExtension.cs: 1402 - Fixing 36
2025-11-18 15:19:53,836 INFO  ExportHelperExtension.cs: 1409 - Component 36 is already fixed
2025-11-18 15:19:53,837 INFO  ExportHelperExtension.cs: 1402 - Fixing 35
2025-11-18 15:19:53,837 INFO  ExportHelperExtension.cs: 1409 - Component 35 is already fixed
2025-11-18 15:19:54,013 INFO  ExportHelperExtension.cs: 832 - R1: 0, 0
2025-11-18 15:19:54,014 INFO  ExportHelperExtension.cs: 841 - R2: 0, 0
2025-11-18 15:19:54,014 INFO  ExportHelperExtension.cs: 849 - L1: 0
2025-11-18 15:19:54,014 INFO  ExportHelperExtension.cs: 857 - L2: 0
2025-11-18 15:19:54,901 WARN  ExportHelperExtension.cs: 351 - Creating joint from parent base_link to child Link1 failed
2025-11-18 15:19:54,967 INFO  ExportHelperExtension.cs: 347 - Creating joint Link2
2025-11-18 15:19:54,968 INFO  ExportHelperExtension.cs: 1397 - Fixing components for Link1
2025-11-18 15:19:54,968 INFO  ExportHelperExtension.cs: 1402 - Fixing 37
2025-11-18 15:19:54,968 INFO  ExportHelperExtension.cs: 1409 - Component 37 is already fixed
2025-11-18 15:19:54,969 INFO  ExportHelperExtension.cs: 1402 - Fixing 48
2025-11-18 15:19:54,969 INFO  ExportHelperExtension.cs: 1409 - Component 48 is already fixed
2025-11-18 15:19:54,969 INFO  ExportHelperExtension.cs: 1402 - Fixing 39
2025-11-18 15:19:54,970 INFO  ExportHelperExtension.cs: 1409 - Component 39 is already fixed
2025-11-18 15:19:54,970 INFO  ExportHelperExtension.cs: 1402 - Fixing 36
2025-11-18 15:19:54,970 INFO  ExportHelperExtension.cs: 1409 - Component 36 is already fixed
2025-11-18 15:19:54,970 INFO  ExportHelperExtension.cs: 1402 - Fixing 35
2025-11-18 15:19:54,971 INFO  ExportHelperExtension.cs: 1409 - Component 35 is already fixed
2025-11-18 15:19:55,194 INFO  ExportHelperExtension.cs: 832 - R1: 0, 0
2025-11-18 15:19:55,194 INFO  ExportHelperExtension.cs: 841 - R2: 0, 0
2025-11-18 15:19:55,195 INFO  ExportHelperExtension.cs: 849 - L1: 0
2025-11-18 15:19:55,195 INFO  ExportHelperExtension.cs: 857 - L2: 0
2025-11-18 15:19:56,078 WARN  ExportHelperExtension.cs: 351 - Creating joint from parent Link1 to child Link2 failed
2025-11-18 15:19:56,165 INFO  ExportHelperExtension.cs: 347 - Creating joint Link3
2025-11-18 15:19:56,166 INFO  ExportHelperExtension.cs: 1397 - Fixing components for Link2
2025-11-18 15:19:56,166 INFO  ExportHelperExtension.cs: 1402 - Fixing 40
2025-11-18 15:19:56,166 INFO  ExportHelperExtension.cs: 1409 - Component 40 is already fixed
2025-11-18 15:19:56,167 INFO  ExportHelperExtension.cs: 1402 - Fixing 49
2025-11-18 15:19:56,167 INFO  ExportHelperExtension.cs: 1409 - Component 49 is already fixed
2025-11-18 15:19:56,167 INFO  ExportHelperExtension.cs: 1402 - Fixing 41
2025-11-18 15:19:56,168 INFO  ExportHelperExtension.cs: 1409 - Component 41 is already fixed
2025-11-18 15:19:56,168 INFO  ExportHelperExtension.cs: 1402 - Fixing 37
2025-11-18 15:19:56,168 INFO  ExportHelperExtension.cs: 1409 - Component 37 is already fixed
2025-11-18 15:19:56,169 INFO  ExportHelperExtension.cs: 1402 - Fixing 48
2025-11-18 15:19:56,169 INFO  ExportHelperExtension.cs: 1409 - Component 48 is already fixed
2025-11-18 15:19:56,170 INFO  ExportHelperExtension.cs: 1402 - Fixing 39
2025-11-18 15:19:56,170 INFO  ExportHelperExtension.cs: 1409 - Component 39 is already fixed
2025-11-18 15:19:56,170 INFO  ExportHelperExtension.cs: 1402 - Fixing 36
2025-11-18 15:19:56,170 INFO  ExportHelperExtension.cs: 1409 - Component 36 is already fixed
2025-11-18 15:19:56,171 INFO  ExportHelperExtension.cs: 1402 - Fixing 35
2025-11-18 15:19:56,171 INFO  ExportHelperExtension.cs: 1409 - Component 35 is already fixed
2025-11-18 15:19:56,442 INFO  ExportHelperExtension.cs: 832 - R1: 0, 0
2025-11-18 15:19:56,442 INFO  ExportHelperExtension.cs: 841 - R2: 0, 0
2025-11-18 15:19:56,443 INFO  ExportHelperExtension.cs: 849 - L1: 0
2025-11-18 15:19:56,443 INFO  ExportHelperExtension.cs: 857 - L2: 0
2025-11-18 15:19:57,342 WARN  ExportHelperExtension.cs: 351 - Creating joint from parent Link2 to child Link3 failed
2025-11-18 15:19:57,428 INFO  ExportHelperExtension.cs: 347 - Creating joint Link4
2025-11-18 15:19:57,429 INFO  ExportHelperExtension.cs: 1397 - Fixing components for Link3
2025-11-18 15:19:57,429 INFO  ExportHelperExtension.cs: 1402 - Fixing 71
2025-11-18 15:19:57,430 INFO  ExportHelperExtension.cs: 1409 - Component 71 is already fixed
2025-11-18 15:19:57,430 INFO  ExportHelperExtension.cs: 1402 - Fixing 51
2025-11-18 15:19:57,430 INFO  ExportHelperExtension.cs: 1409 - Component 51 is already fixed
2025-11-18 15:19:57,431 INFO  ExportHelperExtension.cs: 1402 - Fixing 72
2025-11-18 15:19:57,431 INFO  ExportHelperExtension.cs: 1409 - Component 72 is already fixed
2025-11-18 15:19:57,431 INFO  ExportHelperExtension.cs: 1402 - Fixing 40
2025-11-18 15:19:57,432 INFO  ExportHelperExtension.cs: 1409 - Component 40 is already fixed
2025-11-18 15:19:57,432 INFO  ExportHelperExtension.cs: 1402 - Fixing 49
2025-11-18 15:19:57,433 INFO  ExportHelperExtension.cs: 1409 - Component 49 is already fixed
2025-11-18 15:19:57,433 INFO  ExportHelperExtension.cs: 1402 - Fixing 41
2025-11-18 15:19:57,433 INFO  ExportHelperExtension.cs: 1409 - Component 41 is already fixed
2025-11-18 15:19:57,434 INFO  ExportHelperExtension.cs: 1402 - Fixing 37
2025-11-18 15:19:57,434 INFO  ExportHelperExtension.cs: 1409 - Component 37 is already fixed
2025-11-18 15:19:57,434 INFO  ExportHelperExtension.cs: 1402 - Fixing 48
2025-11-18 15:19:57,434 INFO  ExportHelperExtension.cs: 1409 - Component 48 is already fixed
2025-11-18 15:19:57,435 INFO  ExportHelperExtension.cs: 1402 - Fixing 39
2025-11-18 15:19:57,435 INFO  ExportHelperExtension.cs: 1409 - Component 39 is already fixed
2025-11-18 15:19:57,435 INFO  ExportHelperExtension.cs: 1402 - Fixing 36
2025-11-18 15:19:57,436 INFO  ExportHelperExtension.cs: 1409 - Component 36 is already fixed
2025-11-18 15:19:57,436 INFO  ExportHelperExtension.cs: 1402 - Fixing 35
2025-11-18 15:19:57,436 INFO  ExportHelperExtension.cs: 1409 - Component 35 is already fixed
2025-11-18 15:19:57,763 INFO  ExportHelperExtension.cs: 832 - R1: 0, 0
2025-11-18 15:19:57,764 INFO  ExportHelperExtension.cs: 841 - R2: 0, 0
2025-11-18 15:19:57,764 INFO  ExportHelperExtension.cs: 849 - L1: 0
2025-11-18 15:19:57,765 INFO  ExportHelperExtension.cs: 857 - L2: 0
2025-11-18 15:19:58,683 WARN  ExportHelperExtension.cs: 351 - Creating joint from parent Link3 to child Link4 failed
2025-11-18 15:19:58,743 INFO  ExportHelperExtension.cs: 347 - Creating joint Link5
2025-11-18 15:19:58,743 INFO  ExportHelperExtension.cs: 1397 - Fixing components for Link4
2025-11-18 15:19:58,744 INFO  ExportHelperExtension.cs: 1402 - Fixing 42
2025-11-18 15:19:58,744 INFO  ExportHelperExtension.cs: 1409 - Component 42 is already fixed
2025-11-18 15:19:58,744 INFO  ExportHelperExtension.cs: 1402 - Fixing 50
2025-11-18 15:19:58,745 INFO  ExportHelperExtension.cs: 1409 - Component 50 is already fixed
2025-11-18 15:19:58,745 INFO  ExportHelperExtension.cs: 1402 - Fixing 90
2025-11-18 15:19:58,745 INFO  ExportHelperExtension.cs: 1409 - Component 90 is already fixed
2025-11-18 15:19:58,746 INFO  ExportHelperExtension.cs: 1402 - Fixing 71
2025-11-18 15:19:58,746 INFO  ExportHelperExtension.cs: 1409 - Component 71 is already fixed
2025-11-18 15:19:58,746 INFO  ExportHelperExtension.cs: 1402 - Fixing 51
2025-11-18 15:19:58,747 INFO  ExportHelperExtension.cs: 1409 - Component 51 is already fixed
2025-11-18 15:19:58,747 INFO  ExportHelperExtension.cs: 1402 - Fixing 72
2025-11-18 15:19:58,747 INFO  ExportHelperExtension.cs: 1409 - Component 72 is already fixed
2025-11-18 15:19:58,748 INFO  ExportHelperExtension.cs: 1402 - Fixing 40
2025-11-18 15:19:58,748 INFO  ExportHelperExtension.cs: 1409 - Component 40 is already fixed
2025-11-18 15:19:58,748 INFO  ExportHelperExtension.cs: 1402 - Fixing 49
2025-11-18 15:19:58,749 INFO  ExportHelperExtension.cs: 1409 - Component 49 is already fixed
2025-11-18 15:19:58,749 INFO  ExportHelperExtension.cs: 1402 - Fixing 41
2025-11-18 15:19:58,749 INFO  ExportHelperExtension.cs: 1409 - Component 41 is already fixed
2025-11-18 15:19:58,749 INFO  ExportHelperExtension.cs: 1402 - Fixing 37
2025-11-18 15:19:58,750 INFO  ExportHelperExtension.cs: 1409 - Component 37 is already fixed
2025-11-18 15:19:58,750 INFO  ExportHelperExtension.cs: 1402 - Fixing 48
2025-11-18 15:19:58,750 INFO  ExportHelperExtension.cs: 1409 - Component 48 is already fixed
2025-11-18 15:19:58,751 INFO  ExportHelperExtension.cs: 1402 - Fixing 39
2025-11-18 15:19:58,751 INFO  ExportHelperExtension.cs: 1409 - Component 39 is already fixed
2025-11-18 15:19:58,751 INFO  ExportHelperExtension.cs: 1402 - Fixing 36
2025-11-18 15:19:58,752 INFO  ExportHelperExtension.cs: 1409 - Component 36 is already fixed
2025-11-18 15:19:58,752 INFO  ExportHelperExtension.cs: 1402 - Fixing 35
2025-11-18 15:19:58,752 INFO  ExportHelperExtension.cs: 1409 - Component 35 is already fixed
2025-11-18 15:19:59,127 INFO  ExportHelperExtension.cs: 832 - R1: 0, 0
2025-11-18 15:19:59,128 INFO  ExportHelperExtension.cs: 841 - R2: 0, 0
2025-11-18 15:19:59,128 INFO  ExportHelperExtension.cs: 849 - L1: 0
2025-11-18 15:19:59,129 INFO  ExportHelperExtension.cs: 857 - L2: 0
2025-11-18 15:20:00,067 WARN  ExportHelperExtension.cs: 351 - Creating joint from parent Link4 to child Link5 failed
2025-11-18 15:20:02,543 INFO  ExportHelperExtension.cs: 347 - Creating joint Link6
2025-11-18 15:20:02,543 INFO  ExportHelperExtension.cs: 1397 - Fixing components for Link5
2025-11-18 15:20:02,544 INFO  ExportHelperExtension.cs: 1402 - Fixing 43
2025-11-18 15:20:02,544 INFO  ExportHelperExtension.cs: 1409 - Component 43 is already fixed
2025-11-18 15:20:02,544 INFO  ExportHelperExtension.cs: 1402 - Fixing 44
2025-11-18 15:20:02,545 INFO  ExportHelperExtension.cs: 1409 - Component 44 is already fixed
2025-11-18 15:20:02,545 INFO  ExportHelperExtension.cs: 1402 - Fixing 34
2025-11-18 15:20:02,546 INFO  ExportHelperExtension.cs: 1409 - Component 34 is already fixed
2025-11-18 15:20:02,546 INFO  ExportHelperExtension.cs: 1402 - Fixing 31
2025-11-18 15:20:02,546 INFO  ExportHelperExtension.cs: 1409 - Component 31 is already fixed
2025-11-18 15:20:02,547 INFO  ExportHelperExtension.cs: 1402 - Fixing 42
2025-11-18 15:20:02,547 INFO  ExportHelperExtension.cs: 1409 - Component 42 is already fixed
2025-11-18 15:20:02,547 INFO  ExportHelperExtension.cs: 1402 - Fixing 50
2025-11-18 15:20:02,548 INFO  ExportHelperExtension.cs: 1409 - Component 50 is already fixed
2025-11-18 15:20:02,548 INFO  ExportHelperExtension.cs: 1402 - Fixing 90
2025-11-18 15:20:02,549 INFO  ExportHelperExtension.cs: 1409 - Component 90 is already fixed
2025-11-18 15:20:02,549 INFO  ExportHelperExtension.cs: 1402 - Fixing 71
2025-11-18 15:20:02,549 INFO  ExportHelperExtension.cs: 1409 - Component 71 is already fixed
2025-11-18 15:20:02,550 INFO  ExportHelperExtension.cs: 1402 - Fixing 51
2025-11-18 15:20:02,550 INFO  ExportHelperExtension.cs: 1409 - Component 51 is already fixed
2025-11-18 15:20:02,550 INFO  ExportHelperExtension.cs: 1402 - Fixing 72
2025-11-18 15:20:02,551 INFO  ExportHelperExtension.cs: 1409 - Component 72 is already fixed
2025-11-18 15:20:02,551 INFO  ExportHelperExtension.cs: 1402 - Fixing 40
2025-11-18 15:20:02,551 INFO  ExportHelperExtension.cs: 1409 - Component 40 is already fixed
2025-11-18 15:20:02,552 INFO  ExportHelperExtension.cs: 1402 - Fixing 49
2025-11-18 15:20:02,552 INFO  ExportHelperExtension.cs: 1409 - Component 49 is already fixed
2025-11-18 15:20:02,552 INFO  ExportHelperExtension.cs: 1402 - Fixing 41
2025-11-18 15:20:02,556 INFO  ExportHelperExtension.cs: 1409 - Component 41 is already fixed
2025-11-18 15:20:02,556 INFO  ExportHelperExtension.cs: 1402 - Fixing 37
2025-11-18 15:20:02,557 INFO  ExportHelperExtension.cs: 1409 - Component 37 is already fixed
2025-11-18 15:20:02,557 INFO  ExportHelperExtension.cs: 1402 - Fixing 48
2025-11-18 15:20:02,557 INFO  ExportHelperExtension.cs: 1409 - Component 48 is already fixed
2025-11-18 15:20:02,558 INFO  ExportHelperExtension.cs: 1402 - Fixing 39
2025-11-18 15:20:02,558 INFO  ExportHelperExtension.cs: 1409 - Component 39 is already fixed
2025-11-18 15:20:02,558 INFO  ExportHelperExtension.cs: 1402 - Fixing 36
2025-11-18 15:20:02,559 INFO  ExportHelperExtension.cs: 1409 - Component 36 is already fixed
2025-11-18 15:20:02,559 INFO  ExportHelperExtension.cs: 1402 - Fixing 35
2025-11-18 15:20:02,559 INFO  ExportHelperExtension.cs: 1409 - Component 35 is already fixed
2025-11-18 15:20:03,193 INFO  ExportHelperExtension.cs: 832 - R1: 0, 0
2025-11-18 15:20:03,194 INFO  ExportHelperExtension.cs: 841 - R2: 0, 0
2025-11-18 15:20:03,194 INFO  ExportHelperExtension.cs: 849 - L1: 0
2025-11-18 15:20:03,194 INFO  ExportHelperExtension.cs: 857 - L2: 0
2025-11-18 15:20:04,187 WARN  ExportHelperExtension.cs: 351 - Creating joint from parent Link5 to child Link6 failed
2025-11-18 15:20:04,285 INFO  ExportHelperExtension.cs: 1125 - Retrieving features of type [CoordSys] from 完整装配
2025-11-18 15:20:04,286 INFO  ExportHelperExtension.cs: 1136 - Found 113 in 完整装配
2025-11-18 15:20:04,286 INFO  ExportHelperExtension.cs: 1145 - Found 7 features of type [CoordSys] in 完整装配
2025-11-18 15:20:04,287 INFO  ExportHelperExtension.cs: 1148 - Proceeding through assembly components
2025-11-18 15:20:04,287 INFO  ExportHelperExtension.cs: 1160 - 21 components to check
2025-11-18 15:20:04,287 INFO  ExportHelperExtension.cs: 1125 - Retrieving features of type [CoordSys] from 6__________-1
2025-11-18 15:20:04,288 INFO  ExportHelperExtension.cs: 1136 - Found 28 in 6__________-1
2025-11-18 15:20:04,288 INFO  ExportHelperExtension.cs: 1145 - Found 0 features of type [CoordSys] in 6__________-1
2025-11-18 15:20:04,289 INFO  ExportHelperExtension.cs: 1125 - Retrieving features of type [CoordSys] from ____2______-1
2025-11-18 15:20:04,289 INFO  ExportHelperExtension.cs: 1136 - Found 28 in ____2______-1
2025-11-18 15:20:04,289 INFO  ExportHelperExtension.cs: 1145 - Found 0 features of type [CoordSys] in ____2______-1
2025-11-18 15:20:04,290 INFO  ExportHelperExtension.cs: 1125 - Retrieving features of type [CoordSys] from 2-3________-1
2025-11-18 15:20:04,290 INFO  ExportHelperExtension.cs: 1136 - Found 28 in 2-3________-1
2025-11-18 15:20:04,290 INFO  ExportHelperExtension.cs: 1145 - Found 0 features of type [CoordSys] in 2-3________-1
2025-11-18 15:20:04,291 INFO  ExportHelperExtension.cs: 1125 - Retrieving features of type [CoordSys] from 2-3________-2
2025-11-18 15:20:04,291 INFO  ExportHelperExtension.cs: 1136 - Found 28 in 2-3________-2
2025-11-18 15:20:04,291 INFO  ExportHelperExtension.cs: 1145 - Found 0 features of type [CoordSys] in 2-3________-2
2025-11-18 15:20:04,292 INFO  ExportHelperExtension.cs: 1125 - Retrieving features of type [CoordSys] from ____1-1
2025-11-18 15:20:04,292 INFO  ExportHelperExtension.cs: 1136 - Found 28 in ____1-1
2025-11-18 15:20:04,292 INFO  ExportHelperExtension.cs: 1145 - Found 0 features of type [CoordSys] in ____1-1
2025-11-18 15:20:04,293 INFO  ExportHelperExtension.cs: 1125 - Retrieving features of type [CoordSys] from ________1-5
2025-11-18 15:20:04,293 INFO  ExportHelperExtension.cs: 1136 - Found 28 in ________1-5
2025-11-18 15:20:04,293 INFO  ExportHelperExtension.cs: 1145 - Found 0 features of type [CoordSys] in ________1-5
2025-11-18 15:20:04,294 INFO  ExportHelperExtension.cs: 1125 - Retrieving features of type [CoordSys] from ________1-3
2025-11-18 15:20:04,294 INFO  ExportHelperExtension.cs: 1136 - Found 28 in ________1-3
2025-11-18 15:20:04,294 INFO  ExportHelperExtension.cs: 1145 - Found 0 features of type [CoordSys] in ________1-3
2025-11-18 15:20:04,295 INFO  ExportHelperExtension.cs: 1125 - Retrieving features of type [CoordSys] from ____-2
2025-11-18 15:20:04,295 INFO  ExportHelperExtension.cs: 1136 - Found 28 in ____-2
2025-11-18 15:20:04,295 INFO  ExportHelperExtension.cs: 1145 - Found 0 features of type [CoordSys] in ____-2
2025-11-18 15:20:04,296 INFO  ExportHelperExtension.cs: 1125 - Retrieving features of type [CoordSys] from ____________-2
2025-11-18 15:20:04,296 INFO  ExportHelperExtension.cs: 1136 - Found 28 in ____________-2
2025-11-18 15:20:04,296 INFO  ExportHelperExtension.cs: 1145 - Found 0 features of type [CoordSys] in ____________-2
2025-11-18 15:20:04,297 INFO  ExportHelperExtension.cs: 1125 - Retrieving features of type [CoordSys] from ____-0-2
2025-11-18 15:20:04,298 INFO  ExportHelperExtension.cs: 1136 - Found 257 in ____-0-2
2025-11-18 15:20:04,299 INFO  ExportHelperExtension.cs: 1145 - Found 0 features of type [CoordSys] in ____-0-2
2025-11-18 15:20:04,299 INFO  ExportHelperExtension.cs: 1125 - Retrieving features of type [CoordSys] from ____2__________-1
2025-11-18 15:20:04,299 INFO  ExportHelperExtension.cs: 1136 - Found 28 in ____2__________-1
2025-11-18 15:20:04,300 INFO  ExportHelperExtension.cs: 1145 - Found 0 features of type [CoordSys] in ____2__________-1
2025-11-18 15:20:04,300 INFO  ExportHelperExtension.cs: 1125 - Retrieving features of type [CoordSys] from ________1-2
2025-11-18 15:20:04,300 INFO  ExportHelperExtension.cs: 1136 - Found 28 in ________1-2
2025-11-18 15:20:04,300 INFO  ExportHelperExtension.cs: 1145 - Found 0 features of type [CoordSys] in ________1-2
2025-11-18 15:20:04,300 INFO  ExportHelperExtension.cs: 1125 - Retrieving features of type [CoordSys] from 5__________-1
2025-11-18 15:20:04,301 INFO  ExportHelperExtension.cs: 1136 - Found 28 in 5__________-1
2025-11-18 15:20:04,301 INFO  ExportHelperExtension.cs: 1145 - Found 0 features of type [CoordSys] in 5__________-1
2025-11-18 15:20:04,301 INFO  ExportHelperExtension.cs: 1125 - Retrieving features of type [CoordSys] from ____2-1
2025-11-18 15:20:04,302 INFO  ExportHelperExtension.cs: 1136 - Found 28 in ____2-1
2025-11-18 15:20:04,302 INFO  ExportHelperExtension.cs: 1145 - Found 0 features of type [CoordSys] in ____2-1
2025-11-18 15:20:04,302 INFO  ExportHelperExtension.cs: 1125 - Retrieving features of type [CoordSys] from 2-3____________-1
2025-11-18 15:20:04,303 INFO  ExportHelperExtension.cs: 1136 - Found 28 in 2-3____________-1
2025-11-18 15:20:04,303 INFO  ExportHelperExtension.cs: 1145 - Found 0 features of type [CoordSys] in 2-3____________-1
2025-11-18 15:20:04,303 INFO  ExportHelperExtension.cs: 1125 - Retrieving features of type [CoordSys] from ________1-4
2025-11-18 15:20:04,304 INFO  ExportHelperExtension.cs: 1136 - Found 28 in ________1-4
2025-11-18 15:20:04,304 INFO  ExportHelperExtension.cs: 1145 - Found 0 features of type [CoordSys] in ________1-4
2025-11-18 15:20:04,305 INFO  ExportHelperExtension.cs: 1125 - Retrieving features of type [CoordSys] from 6______________-1
2025-11-18 15:20:04,305 INFO  ExportHelperExtension.cs: 1136 - Found 28 in 6______________-1
2025-11-18 15:20:04,305 INFO  ExportHelperExtension.cs: 1145 - Found 0 features of type [CoordSys] in 6______________-1
2025-11-18 15:20:04,306 INFO  ExportHelperExtension.cs: 1125 - Retrieving features of type [CoordSys] from ____2__________-2
2025-11-18 15:20:04,306 INFO  ExportHelperExtension.cs: 1136 - Found 28 in ____2__________-2
2025-11-18 15:20:04,306 INFO  ExportHelperExtension.cs: 1145 - Found 0 features of type [CoordSys] in ____2__________-2
2025-11-18 15:20:04,307 INFO  ExportHelperExtension.cs: 1125 - Retrieving features of type [CoordSys] from ________1-6
2025-11-18 15:20:04,307 INFO  ExportHelperExtension.cs: 1136 - Found 28 in ________1-6
2025-11-18 15:20:04,307 INFO  ExportHelperExtension.cs: 1145 - Found 0 features of type [CoordSys] in ________1-6
2025-11-18 15:20:04,308 INFO  ExportHelperExtension.cs: 1125 - Retrieving features of type [CoordSys] from 2-3____________-2
2025-11-18 15:20:04,308 INFO  ExportHelperExtension.cs: 1136 - Found 28 in 2-3____________-2
2025-11-18 15:20:04,308 INFO  ExportHelperExtension.cs: 1145 - Found 0 features of type [CoordSys] in 2-3____________-2
2025-11-18 15:20:04,309 INFO  ExportHelperExtension.cs: 1125 - Retrieving features of type [CoordSys] from ________1-8
2025-11-18 15:20:04,309 INFO  ExportHelperExtension.cs: 1136 - Found 28 in ________1-8
2025-11-18 15:20:04,309 INFO  ExportHelperExtension.cs: 1145 - Found 0 features of type [CoordSys] in ________1-8
2025-11-18 15:20:04,310 INFO  ExportHelperExtension.cs: 1125 - Retrieving features of type [RefAxis] from 完整装配
2025-11-18 15:20:04,310 INFO  ExportHelperExtension.cs: 1136 - Found 113 in 完整装配
2025-11-18 15:20:04,310 INFO  ExportHelperExtension.cs: 1145 - Found 6 features of type [RefAxis] in 完整装配
2025-11-18 15:20:04,311 INFO  ExportHelperExtension.cs: 1148 - Proceeding through assembly components
2025-11-18 15:20:04,311 INFO  ExportHelperExtension.cs: 1160 - 21 components to check
2025-11-18 15:20:04,311 INFO  ExportHelperExtension.cs: 1125 - Retrieving features of type [RefAxis] from 6__________-1
2025-11-18 15:20:04,312 INFO  ExportHelperExtension.cs: 1136 - Found 28 in 6__________-1
2025-11-18 15:20:04,312 INFO  ExportHelperExtension.cs: 1145 - Found 0 features of type [RefAxis] in 6__________-1
2025-11-18 15:20:04,312 INFO  ExportHelperExtension.cs: 1125 - Retrieving features of type [RefAxis] from ____2______-1
2025-11-18 15:20:04,313 INFO  ExportHelperExtension.cs: 1136 - Found 28 in ____2______-1
2025-11-18 15:20:04,313 INFO  ExportHelperExtension.cs: 1145 - Found 0 features of type [RefAxis] in ____2______-1
2025-11-18 15:20:04,313 INFO  ExportHelperExtension.cs: 1125 - Retrieving features of type [RefAxis] from 2-3________-1
2025-11-18 15:20:04,314 INFO  ExportHelperExtension.cs: 1136 - Found 28 in 2-3________-1
2025-11-18 15:20:04,314 INFO  ExportHelperExtension.cs: 1145 - Found 0 features of type [RefAxis] in 2-3________-1
2025-11-18 15:20:04,314 INFO  ExportHelperExtension.cs: 1125 - Retrieving features of type [RefAxis] from 2-3________-2
2025-11-18 15:20:04,315 INFO  ExportHelperExtension.cs: 1136 - Found 28 in 2-3________-2
2025-11-18 15:20:04,315 INFO  ExportHelperExtension.cs: 1145 - Found 0 features of type [RefAxis] in 2-3________-2
2025-11-18 15:20:04,315 INFO  ExportHelperExtension.cs: 1125 - Retrieving features of type [RefAxis] from ____1-1
2025-11-18 15:20:04,316 INFO  ExportHelperExtension.cs: 1136 - Found 28 in ____1-1
2025-11-18 15:20:04,316 INFO  ExportHelperExtension.cs: 1145 - Found 0 features of type [RefAxis] in ____1-1
2025-11-18 15:20:04,317 INFO  ExportHelperExtension.cs: 1125 - Retrieving features of type [RefAxis] from ________1-5
2025-11-18 15:20:04,317 INFO  ExportHelperExtension.cs: 1136 - Found 28 in ________1-5
2025-11-18 15:20:04,320 INFO  ExportHelperExtension.cs: 1145 - Found 0 features of type [RefAxis] in ________1-5
2025-11-18 15:20:04,321 INFO  ExportHelperExtension.cs: 1125 - Retrieving features of type [RefAxis] from ________1-3
2025-11-18 15:20:04,321 INFO  ExportHelperExtension.cs: 1136 - Found 28 in ________1-3
2025-11-18 15:20:04,321 INFO  ExportHelperExtension.cs: 1145 - Found 0 features of type [RefAxis] in ________1-3
2025-11-18 15:20:04,322 INFO  ExportHelperExtension.cs: 1125 - Retrieving features of type [RefAxis] from ____-2
2025-11-18 15:20:04,348 INFO  ExportHelperExtension.cs: 1136 - Found 28 in ____-2
2025-11-18 15:20:04,349 INFO  ExportHelperExtension.cs: 1145 - Found 0 features of type [RefAxis] in ____-2
2025-11-18 15:20:04,349 INFO  ExportHelperExtension.cs: 1125 - Retrieving features of type [RefAxis] from ____________-2
2025-11-18 15:20:04,350 INFO  ExportHelperExtension.cs: 1136 - Found 28 in ____________-2
2025-11-18 15:20:04,350 INFO  ExportHelperExtension.cs: 1145 - Found 0 features of type [RefAxis] in ____________-2
2025-11-18 15:20:04,350 INFO  ExportHelperExtension.cs: 1125 - Retrieving features of type [RefAxis] from ____-0-2
2025-11-18 15:20:04,351 INFO  ExportHelperExtension.cs: 1136 - Found 257 in ____-0-2
2025-11-18 15:20:04,352 INFO  ExportHelperExtension.cs: 1145 - Found 0 features of type [RefAxis] in ____-0-2
2025-11-18 15:20:04,352 INFO  ExportHelperExtension.cs: 1125 - Retrieving features of type [RefAxis] from ____2__________-1
2025-11-18 15:20:04,353 INFO  ExportHelperExtension.cs: 1136 - Found 28 in ____2__________-1
2025-11-18 15:20:04,353 INFO  ExportHelperExtension.cs: 1145 - Found 0 features of type [RefAxis] in ____2__________-1
2025-11-18 15:20:04,353 INFO  ExportHelperExtension.cs: 1125 - Retrieving features of type [RefAxis] from ________1-2
2025-11-18 15:20:04,354 INFO  ExportHelperExtension.cs: 1136 - Found 28 in ________1-2
2025-11-18 15:20:04,354 INFO  ExportHelperExtension.cs: 1145 - Found 0 features of type [RefAxis] in ________1-2
2025-11-18 15:20:04,355 INFO  ExportHelperExtension.cs: 1125 - Retrieving features of type [RefAxis] from 5__________-1
2025-11-18 15:20:04,355 INFO  ExportHelperExtension.cs: 1136 - Found 28 in 5__________-1
2025-11-18 15:20:04,355 INFO  ExportHelperExtension.cs: 1145 - Found 0 features of type [RefAxis] in 5__________-1
2025-11-18 15:20:04,356 INFO  ExportHelperExtension.cs: 1125 - Retrieving features of type [RefAxis] from ____2-1
2025-11-18 15:20:04,356 INFO  ExportHelperExtension.cs: 1136 - Found 28 in ____2-1
2025-11-18 15:20:04,356 INFO  ExportHelperExtension.cs: 1145 - Found 0 features of type [RefAxis] in ____2-1
2025-11-18 15:20:04,357 INFO  ExportHelperExtension.cs: 1125 - Retrieving features of type [RefAxis] from 2-3____________-1
2025-11-18 15:20:04,357 INFO  ExportHelperExtension.cs: 1136 - Found 28 in 2-3____________-1
2025-11-18 15:20:04,358 INFO  ExportHelperExtension.cs: 1145 - Found 0 features of type [RefAxis] in 2-3____________-1
2025-11-18 15:20:04,358 INFO  ExportHelperExtension.cs: 1125 - Retrieving features of type [RefAxis] from ________1-4
2025-11-18 15:20:04,358 INFO  ExportHelperExtension.cs: 1136 - Found 28 in ________1-4
2025-11-18 15:20:04,359 INFO  ExportHelperExtension.cs: 1145 - Found 0 features of type [RefAxis] in ________1-4
2025-11-18 15:20:04,359 INFO  ExportHelperExtension.cs: 1125 - Retrieving features of type [RefAxis] from 6______________-1
2025-11-18 15:20:04,359 INFO  ExportHelperExtension.cs: 1136 - Found 28 in 6______________-1
2025-11-18 15:20:04,360 INFO  ExportHelperExtension.cs: 1145 - Found 0 features of type [RefAxis] in 6______________-1
2025-11-18 15:20:04,360 INFO  ExportHelperExtension.cs: 1125 - Retrieving features of type [RefAxis] from ____2__________-2
2025-11-18 15:20:04,360 INFO  ExportHelperExtension.cs: 1136 - Found 28 in ____2__________-2
2025-11-18 15:20:04,361 INFO  ExportHelperExtension.cs: 1145 - Found 0 features of type [RefAxis] in ____2__________-2
2025-11-18 15:20:04,361 INFO  ExportHelperExtension.cs: 1125 - Retrieving features of type [RefAxis] from ________1-6
2025-11-18 15:20:04,361 INFO  ExportHelperExtension.cs: 1136 - Found 28 in ________1-6
2025-11-18 15:20:04,362 INFO  ExportHelperExtension.cs: 1145 - Found 0 features of type [RefAxis] in ________1-6
2025-11-18 15:20:04,362 INFO  ExportHelperExtension.cs: 1125 - Retrieving features of type [RefAxis] from 2-3____________-2
2025-11-18 15:20:04,362 INFO  ExportHelperExtension.cs: 1136 - Found 28 in 2-3____________-2
2025-11-18 15:20:04,363 INFO  ExportHelperExtension.cs: 1145 - Found 0 features of type [RefAxis] in 2-3____________-2
2025-11-18 15:20:04,363 INFO  ExportHelperExtension.cs: 1125 - Retrieving features of type [RefAxis] from ________1-8
2025-11-18 15:20:04,363 INFO  ExportHelperExtension.cs: 1136 - Found 28 in ________1-8
2025-11-18 15:20:04,364 INFO  ExportHelperExtension.cs: 1145 - Found 0 features of type [RefAxis] in ________1-8
2025-11-18 15:20:04,419 INFO  ExportPropertyManager.cs: 1142 - AfterClose called. This method no longer throws an Exception. It just silently does nothing. Ok, except for this logging message
2025-11-18 15:25:06,215 INFO  SwAddin.cs: 294 - Assembly export called for file 完整装配
2025-11-18 15:25:06,215 INFO  SwAddin.cs: 299 - Save is required
2025-11-18 15:25:06,215 INFO  SwAddin.cs: 313 - Saving assembly
2025-11-18 15:25:07,073 INFO  SwAddin.cs: 316 - Opening property manager
2025-11-18 15:25:07,074 INFO  ExportHelperExtension.cs: 1125 - Retrieving features of type [CoordSys] from 完整装配
2025-11-18 15:25:07,074 INFO  ExportHelperExtension.cs: 1136 - Found 104 in 完整装配
2025-11-18 15:25:07,075 INFO  ExportHelperExtension.cs: 1145 - Found 0 features of type [CoordSys] in 完整装配
2025-11-18 15:25:07,075 INFO  ExportHelperExtension.cs: 1148 - Proceeding through assembly components
2025-11-18 15:25:07,076 INFO  ExportHelperExtension.cs: 1160 - 21 components to check
2025-11-18 15:25:07,076 INFO  ExportHelperExtension.cs: 1125 - Retrieving features of type [CoordSys] from 6__________-1
2025-11-18 15:25:07,076 INFO  ExportHelperExtension.cs: 1136 - Found 28 in 6__________-1
2025-11-18 15:25:07,077 INFO  ExportHelperExtension.cs: 1145 - Found 0 features of type [CoordSys] in 6__________-1
2025-11-18 15:25:07,077 INFO  ExportHelperExtension.cs: 1125 - Retrieving features of type [CoordSys] from ____2______-1
2025-11-18 15:25:07,078 INFO  ExportHelperExtension.cs: 1136 - Found 28 in ____2______-1
2025-11-18 15:25:07,078 INFO  ExportHelperExtension.cs: 1145 - Found 0 features of type [CoordSys] in ____2______-1
2025-11-18 15:25:07,078 INFO  ExportHelperExtension.cs: 1125 - Retrieving features of type [CoordSys] from 2-3________-1
2025-11-18 15:25:07,079 INFO  ExportHelperExtension.cs: 1136 - Found 28 in 2-3________-1
2025-11-18 15:25:07,079 INFO  ExportHelperExtension.cs: 1145 - Found 0 features of type [CoordSys] in 2-3________-1
2025-11-18 15:25:07,080 INFO  ExportHelperExtension.cs: 1125 - Retrieving features of type [CoordSys] from 2-3________-2
2025-11-18 15:25:07,080 INFO  ExportHelperExtension.cs: 1136 - Found 28 in 2-3________-2
2025-11-18 15:25:07,080 INFO  ExportHelperExtension.cs: 1145 - Found 0 features of type [CoordSys] in 2-3________-2
2025-11-18 15:25:07,081 INFO  ExportHelperExtension.cs: 1125 - Retrieving features of type [CoordSys] from ____1-1
2025-11-18 15:25:07,081 INFO  ExportHelperExtension.cs: 1136 - Found 28 in ____1-1
2025-11-18 15:25:07,082 INFO  ExportHelperExtension.cs: 1145 - Found 0 features of type [CoordSys] in ____1-1
2025-11-18 15:25:07,082 INFO  ExportHelperExtension.cs: 1125 - Retrieving features of type [CoordSys] from ________1-5
2025-11-18 15:25:07,082 INFO  ExportHelperExtension.cs: 1136 - Found 28 in ________1-5
2025-11-18 15:25:07,083 INFO  ExportHelperExtension.cs: 1145 - Found 0 features of type [CoordSys] in ________1-5
2025-11-18 15:25:07,084 INFO  ExportHelperExtension.cs: 1125 - Retrieving features of type [CoordSys] from ________1-3
2025-11-18 15:25:07,084 INFO  ExportHelperExtension.cs: 1136 - Found 28 in ________1-3
2025-11-18 15:25:07,085 INFO  ExportHelperExtension.cs: 1145 - Found 0 features of type [CoordSys] in ________1-3
2025-11-18 15:25:07,085 INFO  ExportHelperExtension.cs: 1125 - Retrieving features of type [CoordSys] from ____-2
2025-11-18 15:25:07,086 INFO  ExportHelperExtension.cs: 1136 - Found 28 in ____-2
2025-11-18 15:25:07,086 INFO  ExportHelperExtension.cs: 1145 - Found 0 features of type [CoordSys] in ____-2
2025-11-18 15:25:07,087 INFO  ExportHelperExtension.cs: 1125 - Retrieving features of type [CoordSys] from ____________-2
2025-11-18 15:25:07,087 INFO  ExportHelperExtension.cs: 1136 - Found 28 in ____________-2
2025-11-18 15:25:07,088 INFO  ExportHelperExtension.cs: 1145 - Found 0 features of type [CoordSys] in ____________-2
2025-11-18 15:25:07,088 INFO  ExportHelperExtension.cs: 1125 - Retrieving features of type [CoordSys] from ____-0-2
2025-11-18 15:25:07,089 INFO  ExportHelperExtension.cs: 1136 - Found 257 in ____-0-2
2025-11-18 15:25:07,091 INFO  ExportHelperExtension.cs: 1145 - Found 0 features of type [CoordSys] in ____-0-2
2025-11-18 15:25:07,091 INFO  ExportHelperExtension.cs: 1125 - Retrieving features of type [CoordSys] from ____2__________-1
2025-11-18 15:25:07,092 INFO  ExportHelperExtension.cs: 1136 - Found 28 in ____2__________-1
2025-11-18 15:25:07,093 INFO  ExportHelperExtension.cs: 1145 - Found 0 features of type [CoordSys] in ____2__________-1
2025-11-18 15:25:07,093 INFO  ExportHelperExtension.cs: 1125 - Retrieving features of type [CoordSys] from ________1-2
2025-11-18 15:25:07,093 INFO  ExportHelperExtension.cs: 1136 - Found 28 in ________1-2
2025-11-18 15:25:07,094 INFO  ExportHelperExtension.cs: 1145 - Found 0 features of type [CoordSys] in ________1-2
2025-11-18 15:25:07,094 INFO  ExportHelperExtension.cs: 1125 - Retrieving features of type [CoordSys] from 5__________-1
2025-11-18 15:25:07,095 INFO  ExportHelperExtension.cs: 1136 - Found 28 in 5__________-1
2025-11-18 15:25:07,095 INFO  ExportHelperExtension.cs: 1145 - Found 0 features of type [CoordSys] in 5__________-1
2025-11-18 15:25:07,095 INFO  ExportHelperExtension.cs: 1125 - Retrieving features of type [CoordSys] from ____2-1
2025-11-18 15:25:07,096 INFO  ExportHelperExtension.cs: 1136 - Found 28 in ____2-1
2025-11-18 15:25:07,096 INFO  ExportHelperExtension.cs: 1145 - Found 0 features of type [CoordSys] in ____2-1
2025-11-18 15:25:07,097 INFO  ExportHelperExtension.cs: 1125 - Retrieving features of type [CoordSys] from 2-3____________-1
2025-11-18 15:25:07,097 INFO  ExportHelperExtension.cs: 1136 - Found 28 in 2-3____________-1
2025-11-18 15:25:07,098 INFO  ExportHelperExtension.cs: 1145 - Found 0 features of type [CoordSys] in 2-3____________-1
2025-11-18 15:25:07,098 INFO  ExportHelperExtension.cs: 1125 - Retrieving features of type [CoordSys] from ________1-4
2025-11-18 15:25:07,098 INFO  ExportHelperExtension.cs: 1136 - Found 28 in ________1-4
2025-11-18 15:25:07,099 INFO  ExportHelperExtension.cs: 1145 - Found 0 features of type [CoordSys] in ________1-4
2025-11-18 15:25:07,099 INFO  ExportHelperExtension.cs: 1125 - Retrieving features of type [CoordSys] from 6______________-1
2025-11-18 15:25:07,100 INFO  ExportHelperExtension.cs: 1136 - Found 28 in 6______________-1
2025-11-18 15:25:07,100 INFO  ExportHelperExtension.cs: 1145 - Found 0 features of type [CoordSys] in 6______________-1
2025-11-18 15:25:07,100 INFO  ExportHelperExtension.cs: 1125 - Retrieving features of type [CoordSys] from ____2__________-2
2025-11-18 15:25:07,101 INFO  ExportHelperExtension.cs: 1136 - Found 28 in ____2__________-2
2025-11-18 15:25:07,101 INFO  ExportHelperExtension.cs: 1145 - Found 0 features of type [CoordSys] in ____2__________-2
2025-11-18 15:25:07,102 INFO  ExportHelperExtension.cs: 1125 - Retrieving features of type [CoordSys] from ________1-6
2025-11-18 15:25:07,102 INFO  ExportHelperExtension.cs: 1136 - Found 28 in ________1-6
2025-11-18 15:25:07,103 INFO  ExportHelperExtension.cs: 1145 - Found 0 features of type [CoordSys] in ________1-6
2025-11-18 15:25:07,103 INFO  ExportHelperExtension.cs: 1125 - Retrieving features of type [CoordSys] from 2-3____________-2
2025-11-18 15:25:07,103 INFO  ExportHelperExtension.cs: 1136 - Found 28 in 2-3____________-2
2025-11-18 15:25:07,104 INFO  ExportHelperExtension.cs: 1145 - Found 0 features of type [CoordSys] in 2-3____________-2
2025-11-18 15:25:07,104 INFO  ExportHelperExtension.cs: 1125 - Retrieving features of type [CoordSys] from ________1-8
2025-11-18 15:25:07,104 INFO  ExportHelperExtension.cs: 1136 - Found 28 in ________1-8
2025-11-18 15:25:07,105 INFO  ExportHelperExtension.cs: 1145 - Found 0 features of type [CoordSys] in ________1-8
2025-11-18 15:25:07,105 INFO  ExportHelperExtension.cs: 1125 - Retrieving features of type [RefAxis] from 完整装配
2025-11-18 15:25:07,106 INFO  ExportHelperExtension.cs: 1136 - Found 104 in 完整装配
2025-11-18 15:25:07,106 INFO  ExportHelperExtension.cs: 1145 - Found 6 features of type [RefAxis] in 完整装配
2025-11-18 15:25:07,107 INFO  ExportHelperExtension.cs: 1148 - Proceeding through assembly components
2025-11-18 15:25:07,107 INFO  ExportHelperExtension.cs: 1160 - 21 components to check
2025-11-18 15:25:07,108 INFO  ExportHelperExtension.cs: 1125 - Retrieving features of type [RefAxis] from 6__________-1
2025-11-18 15:25:07,108 INFO  ExportHelperExtension.cs: 1136 - Found 28 in 6__________-1
2025-11-18 15:25:07,109 INFO  ExportHelperExtension.cs: 1145 - Found 0 features of type [RefAxis] in 6__________-1
2025-11-18 15:25:07,109 INFO  ExportHelperExtension.cs: 1125 - Retrieving features of type [RefAxis] from ____2______-1
2025-11-18 15:25:07,109 INFO  ExportHelperExtension.cs: 1136 - Found 28 in ____2______-1
2025-11-18 15:25:07,110 INFO  ExportHelperExtension.cs: 1145 - Found 0 features of type [RefAxis] in ____2______-1
2025-11-18 15:25:07,110 INFO  ExportHelperExtension.cs: 1125 - Retrieving features of type [RefAxis] from 2-3________-1
2025-11-18 15:25:07,110 INFO  ExportHelperExtension.cs: 1136 - Found 28 in 2-3________-1
2025-11-18 15:25:07,110 INFO  ExportHelperExtension.cs: 1145 - Found 0 features of type [RefAxis] in 2-3________-1
2025-11-18 15:25:07,111 INFO  ExportHelperExtension.cs: 1125 - Retrieving features of type [RefAxis] from 2-3________-2
2025-11-18 15:25:07,132 INFO  ExportHelperExtension.cs: 1136 - Found 28 in 2-3________-2
2025-11-18 15:25:07,133 INFO  ExportHelperExtension.cs: 1145 - Found 0 features of type [RefAxis] in 2-3________-2
2025-11-18 15:25:07,134 INFO  ExportHelperExtension.cs: 1125 - Retrieving features of type [RefAxis] from ____1-1
2025-11-18 15:25:07,135 INFO  ExportHelperExtension.cs: 1136 - Found 28 in ____1-1
2025-11-18 15:25:07,135 INFO  ExportHelperExtension.cs: 1145 - Found 0 features of type [RefAxis] in ____1-1
2025-11-18 15:25:07,136 INFO  ExportHelperExtension.cs: 1125 - Retrieving features of type [RefAxis] from ________1-5
2025-11-18 15:25:07,136 INFO  ExportHelperExtension.cs: 1136 - Found 28 in ________1-5
2025-11-18 15:25:07,137 INFO  ExportHelperExtension.cs: 1145 - Found 0 features of type [RefAxis] in ________1-5
2025-11-18 15:25:07,137 INFO  ExportHelperExtension.cs: 1125 - Retrieving features of type [RefAxis] from ________1-3
2025-11-18 15:25:07,138 INFO  ExportHelperExtension.cs: 1136 - Found 28 in ________1-3
2025-11-18 15:25:07,138 INFO  ExportHelperExtension.cs: 1145 - Found 0 features of type [RefAxis] in ________1-3
2025-11-18 15:25:07,139 INFO  ExportHelperExtension.cs: 1125 - Retrieving features of type [RefAxis] from ____-2
2025-11-18 15:25:07,139 INFO  ExportHelperExtension.cs: 1136 - Found 28 in ____-2
2025-11-18 15:25:07,139 INFO  ExportHelperExtension.cs: 1145 - Found 0 features of type [RefAxis] in ____-2
2025-11-18 15:25:07,139 INFO  ExportHelperExtension.cs: 1125 - Retrieving features of type [RefAxis] from ____________-2
2025-11-18 15:25:07,140 INFO  ExportHelperExtension.cs: 1136 - Found 28 in ____________-2
2025-11-18 15:25:07,140 INFO  ExportHelperExtension.cs: 1145 - Found 0 features of type [RefAxis] in ____________-2
2025-11-18 15:25:07,140 INFO  ExportHelperExtension.cs: 1125 - Retrieving features of type [RefAxis] from ____-0-2
2025-11-18 15:25:07,141 INFO  ExportHelperExtension.cs: 1136 - Found 257 in ____-0-2
2025-11-18 15:25:07,142 INFO  ExportHelperExtension.cs: 1145 - Found 0 features of type [RefAxis] in ____-0-2
2025-11-18 15:25:07,142 INFO  ExportHelperExtension.cs: 1125 - Retrieving features of type [RefAxis] from ____2__________-1
2025-11-18 15:25:07,143 INFO  ExportHelperExtension.cs: 1136 - Found 28 in ____2__________-1
2025-11-18 15:25:07,143 INFO  ExportHelperExtension.cs: 1145 - Found 0 features of type [RefAxis] in ____2__________-1
2025-11-18 15:25:07,144 INFO  ExportHelperExtension.cs: 1125 - Retrieving features of type [RefAxis] from ________1-2
2025-11-18 15:25:07,144 INFO  ExportHelperExtension.cs: 1136 - Found 28 in ________1-2
2025-11-18 15:25:07,144 INFO  ExportHelperExtension.cs: 1145 - Found 0 features of type [RefAxis] in ________1-2
2025-11-18 15:25:07,145 INFO  ExportHelperExtension.cs: 1125 - Retrieving features of type [RefAxis] from 5__________-1
2025-11-18 15:25:07,145 INFO  ExportHelperExtension.cs: 1136 - Found 28 in 5__________-1
2025-11-18 15:25:07,145 INFO  ExportHelperExtension.cs: 1145 - Found 0 features of type [RefAxis] in 5__________-1
2025-11-18 15:25:07,146 INFO  ExportHelperExtension.cs: 1125 - Retrieving features of type [RefAxis] from ____2-1
2025-11-18 15:25:07,146 INFO  ExportHelperExtension.cs: 1136 - Found 28 in ____2-1
2025-11-18 15:25:07,146 INFO  ExportHelperExtension.cs: 1145 - Found 0 features of type [RefAxis] in ____2-1
2025-11-18 15:25:07,147 INFO  ExportHelperExtension.cs: 1125 - Retrieving features of type [RefAxis] from 2-3____________-1
2025-11-18 15:25:07,147 INFO  ExportHelperExtension.cs: 1136 - Found 28 in 2-3____________-1
2025-11-18 15:25:07,147 INFO  ExportHelperExtension.cs: 1145 - Found 0 features of type [RefAxis] in 2-3____________-1
2025-11-18 15:25:07,148 INFO  ExportHelperExtension.cs: 1125 - Retrieving features of type [RefAxis] from ________1-4
2025-11-18 15:25:07,148 INFO  ExportHelperExtension.cs: 1136 - Found 28 in ________1-4
2025-11-18 15:25:07,148 INFO  ExportHelperExtension.cs: 1145 - Found 0 features of type [RefAxis] in ________1-4
2025-11-18 15:25:07,149 INFO  ExportHelperExtension.cs: 1125 - Retrieving features of type [RefAxis] from 6______________-1
2025-11-18 15:25:07,149 INFO  ExportHelperExtension.cs: 1136 - Found 28 in 6______________-1
2025-11-18 15:25:07,150 INFO  ExportHelperExtension.cs: 1145 - Found 0 features of type [RefAxis] in 6______________-1
2025-11-18 15:25:07,150 INFO  ExportHelperExtension.cs: 1125 - Retrieving features of type [RefAxis] from ____2__________-2
2025-11-18 15:25:07,150 INFO  ExportHelperExtension.cs: 1136 - Found 28 in ____2__________-2
2025-11-18 15:25:07,151 INFO  ExportHelperExtension.cs: 1145 - Found 0 features of type [RefAxis] in ____2__________-2
2025-11-18 15:25:07,152 INFO  ExportHelperExtension.cs: 1125 - Retrieving features of type [RefAxis] from ________1-6
2025-11-18 15:25:07,152 INFO  ExportHelperExtension.cs: 1136 - Found 28 in ________1-6
2025-11-18 15:25:07,153 INFO  ExportHelperExtension.cs: 1145 - Found 0 features of type [RefAxis] in ________1-6
2025-11-18 15:25:07,153 INFO  ExportHelperExtension.cs: 1125 - Retrieving features of type [RefAxis] from 2-3____________-2
2025-11-18 15:25:07,153 INFO  ExportHelperExtension.cs: 1136 - Found 28 in 2-3____________-2
2025-11-18 15:25:07,154 INFO  ExportHelperExtension.cs: 1145 - Found 0 features of type [RefAxis] in 2-3____________-2
2025-11-18 15:25:07,154 INFO  ExportHelperExtension.cs: 1125 - Retrieving features of type [RefAxis] from ________1-8
2025-11-18 15:25:07,154 INFO  ExportHelperExtension.cs: 1136 - Found 28 in ________1-8
2025-11-18 15:25:07,155 INFO  ExportHelperExtension.cs: 1145 - Found 0 features of type [RefAxis] in ________1-8
2025-11-18 15:25:07,249 INFO  SwAddin.cs: 339 - Loading config tree
2025-11-18 15:25:07,250 INFO  ExportPropertyManagerExtension.cs: 520 - Starting new configuration
2025-11-18 15:25:07,252 INFO  SwAddin.cs: 344 - Showing property manager
2025-11-18 15:25:15,987 INFO  ExportPropertyManager.cs: 1136 - OnNumberBoxTrackingCompleted called. This method no longer throws an Exception. It just silently does nothing. Ok, except for this logging message
2025-11-18 15:25:27,395 INFO  ExportPropertyManager.cs: 1018 - OnComboboxSelectionChanged called. This method no longer throws an Exception. It just silently does nothing. Ok, except for this logging message
2025-11-18 15:25:29,300 INFO  ExportPropertyManager.cs: 1018 - OnComboboxSelectionChanged called. This method no longer throws an Exception. It just silently does nothing. Ok, except for this logging message
2025-11-18 15:25:37,391 INFO  ExportPropertyManager.cs: 1136 - OnNumberBoxTrackingCompleted called. This method no longer throws an Exception. It just silently does nothing. Ok, except for this logging message
2025-11-18 15:25:50,347 INFO  ExportPropertyManager.cs: 1018 - OnComboboxSelectionChanged called. This method no longer throws an Exception. It just silently does nothing. Ok, except for this logging message
2025-11-18 15:25:52,131 INFO  ExportPropertyManager.cs: 1018 - OnComboboxSelectionChanged called. This method no longer throws an Exception. It just silently does nothing. Ok, except for this logging message
2025-11-18 15:25:53,552 INFO  ExportPropertyManager.cs: 1018 - OnComboboxSelectionChanged called. This method no longer throws an Exception. It just silently does nothing. Ok, except for this logging message
2025-11-18 15:25:54,849 INFO  ExportPropertyManager.cs: 1018 - OnComboboxSelectionChanged called. This method no longer throws an Exception. It just silently does nothing. Ok, except for this logging message
2025-11-18 15:26:03,710 INFO  ExportPropertyManager.cs: 1136 - OnNumberBoxTrackingCompleted called. This method no longer throws an Exception. It just silently does nothing. Ok, except for this logging message
2025-11-18 15:26:13,420 INFO  ExportPropertyManager.cs: 1018 - OnComboboxSelectionChanged called. This method no longer throws an Exception. It just silently does nothing. Ok, except for this logging message
2025-11-18 15:26:15,135 INFO  ExportPropertyManager.cs: 1018 - OnComboboxSelectionChanged called. This method no longer throws an Exception. It just silently does nothing. Ok, except for this logging message
2025-11-18 15:26:21,249 INFO  ExportPropertyManager.cs: 1136 - OnNumberBoxTrackingCompleted called. This method no longer throws an Exception. It just silently does nothing. Ok, except for this logging message
2025-11-18 15:26:34,449 INFO  ExportPropertyManager.cs: 1018 - OnComboboxSelectionChanged called. This method no longer throws an Exception. It just silently does nothing. Ok, except for this logging message
2025-11-18 15:26:36,023 INFO  ExportPropertyManager.cs: 1018 - OnComboboxSelectionChanged called. This method no longer throws an Exception. It just silently does nothing. Ok, except for this logging message
2025-11-18 15:26:42,533 INFO  ExportPropertyManager.cs: 1136 - OnNumberBoxTrackingCompleted called. This method no longer throws an Exception. It just silently does nothing. Ok, except for this logging message
2025-11-18 15:26:54,159 INFO  ExportPropertyManager.cs: 1018 - OnComboboxSelectionChanged called. This method no longer throws an Exception. It just silently does nothing. Ok, except for this logging message
2025-11-18 15:26:56,776 INFO  ExportPropertyManager.cs: 1018 - OnComboboxSelectionChanged called. This method no longer throws an Exception. It just silently does nothing. Ok, except for this logging message
2025-11-18 15:27:09,171 INFO  ExportPropertyManager.cs: 1136 - OnNumberBoxTrackingCompleted called. This method no longer throws an Exception. It just silently does nothing. Ok, except for this logging message
2025-11-18 15:27:20,253 INFO  ExportPropertyManager.cs: 1018 - OnComboboxSelectionChanged called. This method no longer throws an Exception. It just silently does nothing. Ok, except for this logging message
2025-11-18 15:27:22,340 INFO  ExportPropertyManager.cs: 1018 - OnComboboxSelectionChanged called. This method no longer throws an Exception. It just silently does nothing. Ok, except for this logging message
2025-11-18 15:27:47,796 INFO  ExportPropertyManager.cs: 422 - Configuration saved
2025-11-18 15:27:49,387 INFO  ExportHelperExtension.cs: 347 - Creating joint Link1
2025-11-18 15:27:49,388 INFO  ExportHelperExtension.cs: 1397 - Fixing components for base_link
2025-11-18 15:27:49,388 INFO  ExportHelperExtension.cs: 1402 - Fixing 36
2025-11-18 15:27:49,388 INFO  ExportHelperExtension.cs: 1409 - Component 36 is already fixed
2025-11-18 15:27:49,389 INFO  ExportHelperExtension.cs: 1402 - Fixing 35
2025-11-18 15:27:49,389 INFO  ExportHelperExtension.cs: 1409 - Component 35 is already fixed
2025-11-18 15:27:49,568 INFO  ExportHelperExtension.cs: 832 - R1: 0, 0
2025-11-18 15:27:49,569 INFO  ExportHelperExtension.cs: 841 - R2: 0, 0
2025-11-18 15:27:49,569 INFO  ExportHelperExtension.cs: 849 - L1: 0
2025-11-18 15:27:49,569 INFO  ExportHelperExtension.cs: 857 - L2: 0
2025-11-18 15:27:50,451 WARN  ExportHelperExtension.cs: 351 - Creating joint from parent base_link to child Link1 failed
2025-11-18 15:27:50,516 INFO  ExportHelperExtension.cs: 347 - Creating joint Link2
2025-11-18 15:27:50,517 INFO  ExportHelperExtension.cs: 1397 - Fixing components for Link1
2025-11-18 15:27:50,517 INFO  ExportHelperExtension.cs: 1402 - Fixing 37
2025-11-18 15:27:50,518 INFO  ExportHelperExtension.cs: 1409 - Component 37 is already fixed
2025-11-18 15:27:50,518 INFO  ExportHelperExtension.cs: 1402 - Fixing 48
2025-11-18 15:27:50,519 INFO  ExportHelperExtension.cs: 1409 - Component 48 is already fixed
2025-11-18 15:27:50,519 INFO  ExportHelperExtension.cs: 1402 - Fixing 39
2025-11-18 15:27:50,519 INFO  ExportHelperExtension.cs: 1409 - Component 39 is already fixed
2025-11-18 15:27:50,519 INFO  ExportHelperExtension.cs: 1402 - Fixing 36
2025-11-18 15:27:50,520 INFO  ExportHelperExtension.cs: 1409 - Component 36 is already fixed
2025-11-18 15:27:50,520 INFO  ExportHelperExtension.cs: 1402 - Fixing 35
2025-11-18 15:27:50,520 INFO  ExportHelperExtension.cs: 1409 - Component 35 is already fixed
2025-11-18 15:27:50,746 INFO  ExportHelperExtension.cs: 832 - R1: 0, 0
2025-11-18 15:27:50,746 INFO  ExportHelperExtension.cs: 841 - R2: 0, 0
2025-11-18 15:27:50,747 INFO  ExportHelperExtension.cs: 849 - L1: 0
2025-11-18 15:27:50,747 INFO  ExportHelperExtension.cs: 857 - L2: 0
2025-11-18 15:27:51,636 WARN  ExportHelperExtension.cs: 351 - Creating joint from parent Link1 to child Link2 failed
2025-11-18 15:27:51,723 INFO  ExportHelperExtension.cs: 347 - Creating joint Link3
2025-11-18 15:27:51,723 INFO  ExportHelperExtension.cs: 1397 - Fixing components for Link2
2025-11-18 15:27:51,724 INFO  ExportHelperExtension.cs: 1402 - Fixing 40
2025-11-18 15:27:51,724 INFO  ExportHelperExtension.cs: 1409 - Component 40 is already fixed
2025-11-18 15:27:51,724 INFO  ExportHelperExtension.cs: 1402 - Fixing 49
2025-11-18 15:27:51,725 INFO  ExportHelperExtension.cs: 1409 - Component 49 is already fixed
2025-11-18 15:27:51,725 INFO  ExportHelperExtension.cs: 1402 - Fixing 41
2025-11-18 15:27:51,725 INFO  ExportHelperExtension.cs: 1409 - Component 41 is already fixed
2025-11-18 15:27:51,726 INFO  ExportHelperExtension.cs: 1402 - Fixing 37
2025-11-18 15:27:51,726 INFO  ExportHelperExtension.cs: 1409 - Component 37 is already fixed
2025-11-18 15:27:51,726 INFO  ExportHelperExtension.cs: 1402 - Fixing 48
2025-11-18 15:27:51,726 INFO  ExportHelperExtension.cs: 1409 - Component 48 is already fixed
2025-11-18 15:27:51,727 INFO  ExportHelperExtension.cs: 1402 - Fixing 39
2025-11-18 15:27:51,727 INFO  ExportHelperExtension.cs: 1409 - Component 39 is already fixed
2025-11-18 15:27:51,727 INFO  ExportHelperExtension.cs: 1402 - Fixing 36
2025-11-18 15:27:51,728 INFO  ExportHelperExtension.cs: 1409 - Component 36 is already fixed
2025-11-18 15:27:51,728 INFO  ExportHelperExtension.cs: 1402 - Fixing 35
2025-11-18 15:27:51,728 INFO  ExportHelperExtension.cs: 1409 - Component 35 is already fixed
2025-11-18 15:27:51,999 INFO  ExportHelperExtension.cs: 832 - R1: 0, 0
2025-11-18 15:27:52,000 INFO  ExportHelperExtension.cs: 841 - R2: 0, 0
2025-11-18 15:27:52,000 INFO  ExportHelperExtension.cs: 849 - L1: 0
2025-11-18 15:27:52,000 INFO  ExportHelperExtension.cs: 857 - L2: 0
2025-11-18 15:27:52,900 WARN  ExportHelperExtension.cs: 351 - Creating joint from parent Link2 to child Link3 failed
2025-11-18 15:27:52,987 INFO  ExportHelperExtension.cs: 347 - Creating joint Link4
2025-11-18 15:27:52,987 INFO  ExportHelperExtension.cs: 1397 - Fixing components for Link3
2025-11-18 15:27:52,987 INFO  ExportHelperExtension.cs: 1402 - Fixing 71
2025-11-18 15:27:52,988 INFO  ExportHelperExtension.cs: 1409 - Component 71 is already fixed
2025-11-18 15:27:52,988 INFO  ExportHelperExtension.cs: 1402 - Fixing 51
2025-11-18 15:27:52,989 INFO  ExportHelperExtension.cs: 1409 - Component 51 is already fixed
2025-11-18 15:27:52,989 INFO  ExportHelperExtension.cs: 1402 - Fixing 72
2025-11-18 15:27:52,989 INFO  ExportHelperExtension.cs: 1409 - Component 72 is already fixed
2025-11-18 15:27:52,989 INFO  ExportHelperExtension.cs: 1402 - Fixing 40
2025-11-18 15:27:52,990 INFO  ExportHelperExtension.cs: 1409 - Component 40 is already fixed
2025-11-18 15:27:52,990 INFO  ExportHelperExtension.cs: 1402 - Fixing 49
2025-11-18 15:27:52,990 INFO  ExportHelperExtension.cs: 1409 - Component 49 is already fixed
2025-11-18 15:27:52,991 INFO  ExportHelperExtension.cs: 1402 - Fixing 41
2025-11-18 15:27:52,991 INFO  ExportHelperExtension.cs: 1409 - Component 41 is already fixed
2025-11-18 15:27:52,991 INFO  ExportHelperExtension.cs: 1402 - Fixing 37
2025-11-18 15:27:52,992 INFO  ExportHelperExtension.cs: 1409 - Component 37 is already fixed
2025-11-18 15:27:52,992 INFO  ExportHelperExtension.cs: 1402 - Fixing 48
2025-11-18 15:27:52,992 INFO  ExportHelperExtension.cs: 1409 - Component 48 is already fixed
2025-11-18 15:27:52,992 INFO  ExportHelperExtension.cs: 1402 - Fixing 39
2025-11-18 15:27:52,993 INFO  ExportHelperExtension.cs: 1409 - Component 39 is already fixed
2025-11-18 15:27:52,993 INFO  ExportHelperExtension.cs: 1402 - Fixing 36
2025-11-18 15:27:52,993 INFO  ExportHelperExtension.cs: 1409 - Component 36 is already fixed
2025-11-18 15:27:52,994 INFO  ExportHelperExtension.cs: 1402 - Fixing 35
2025-11-18 15:27:52,994 INFO  ExportHelperExtension.cs: 1409 - Component 35 is already fixed
2025-11-18 15:27:53,322 INFO  ExportHelperExtension.cs: 832 - R1: 0, 0
2025-11-18 15:27:53,323 INFO  ExportHelperExtension.cs: 841 - R2: 0, 0
2025-11-18 15:27:53,323 INFO  ExportHelperExtension.cs: 849 - L1: 0
2025-11-18 15:27:53,323 INFO  ExportHelperExtension.cs: 857 - L2: 0
2025-11-18 15:27:54,256 WARN  ExportHelperExtension.cs: 351 - Creating joint from parent Link3 to child Link4 failed
2025-11-18 15:27:54,314 INFO  ExportHelperExtension.cs: 347 - Creating joint Link5
2025-11-18 15:27:54,315 INFO  ExportHelperExtension.cs: 1397 - Fixing components for Link4
2025-11-18 15:27:54,315 INFO  ExportHelperExtension.cs: 1402 - Fixing 42
2025-11-18 15:27:54,316 INFO  ExportHelperExtension.cs: 1409 - Component 42 is already fixed
2025-11-18 15:27:54,316 INFO  ExportHelperExtension.cs: 1402 - Fixing 50
2025-11-18 15:27:54,316 INFO  ExportHelperExtension.cs: 1409 - Component 50 is already fixed
2025-11-18 15:27:54,317 INFO  ExportHelperExtension.cs: 1402 - Fixing 90
2025-11-18 15:27:54,317 INFO  ExportHelperExtension.cs: 1409 - Component 90 is already fixed
2025-11-18 15:27:54,317 INFO  ExportHelperExtension.cs: 1402 - Fixing 71
2025-11-18 15:27:54,318 INFO  ExportHelperExtension.cs: 1409 - Component 71 is already fixed
2025-11-18 15:27:54,318 INFO  ExportHelperExtension.cs: 1402 - Fixing 51
2025-11-18 15:27:54,318 INFO  ExportHelperExtension.cs: 1409 - Component 51 is already fixed
2025-11-18 15:27:54,319 INFO  ExportHelperExtension.cs: 1402 - Fixing 72
2025-11-18 15:27:54,319 INFO  ExportHelperExtension.cs: 1409 - Component 72 is already fixed
2025-11-18 15:27:54,319 INFO  ExportHelperExtension.cs: 1402 - Fixing 40
2025-11-18 15:27:54,320 INFO  ExportHelperExtension.cs: 1409 - Component 40 is already fixed
2025-11-18 15:27:54,320 INFO  ExportHelperExtension.cs: 1402 - Fixing 49
2025-11-18 15:27:54,320 INFO  ExportHelperExtension.cs: 1409 - Component 49 is already fixed
2025-11-18 15:27:54,321 INFO  ExportHelperExtension.cs: 1402 - Fixing 41
2025-11-18 15:27:54,321 INFO  ExportHelperExtension.cs: 1409 - Component 41 is already fixed
2025-11-18 15:27:54,321 INFO  ExportHelperExtension.cs: 1402 - Fixing 37
2025-11-18 15:27:54,321 INFO  ExportHelperExtension.cs: 1409 - Component 37 is already fixed
2025-11-18 15:27:54,322 INFO  ExportHelperExtension.cs: 1402 - Fixing 48
2025-11-18 15:27:54,322 INFO  ExportHelperExtension.cs: 1409 - Component 48 is already fixed
2025-11-18 15:27:54,322 INFO  ExportHelperExtension.cs: 1402 - Fixing 39
2025-11-18 15:27:54,323 INFO  ExportHelperExtension.cs: 1409 - Component 39 is already fixed
2025-11-18 15:27:54,323 INFO  ExportHelperExtension.cs: 1402 - Fixing 36
2025-11-18 15:27:54,323 INFO  ExportHelperExtension.cs: 1409 - Component 36 is already fixed
2025-11-18 15:27:54,324 INFO  ExportHelperExtension.cs: 1402 - Fixing 35
2025-11-18 15:27:54,324 INFO  ExportHelperExtension.cs: 1409 - Component 35 is already fixed
2025-11-18 15:27:54,702 INFO  ExportHelperExtension.cs: 832 - R1: 0, 0
2025-11-18 15:27:54,702 INFO  ExportHelperExtension.cs: 841 - R2: 0, 0
2025-11-18 15:27:54,703 INFO  ExportHelperExtension.cs: 849 - L1: 0
2025-11-18 15:27:54,703 INFO  ExportHelperExtension.cs: 857 - L2: 0
2025-11-18 15:27:55,638 WARN  ExportHelperExtension.cs: 351 - Creating joint from parent Link4 to child Link5 failed
2025-11-18 15:27:58,122 INFO  ExportHelperExtension.cs: 347 - Creating joint Link6
2025-11-18 15:27:58,122 INFO  ExportHelperExtension.cs: 1397 - Fixing components for Link5
2025-11-18 15:27:58,123 INFO  ExportHelperExtension.cs: 1402 - Fixing 43
2025-11-18 15:27:58,123 INFO  ExportHelperExtension.cs: 1409 - Component 43 is already fixed
2025-11-18 15:27:58,124 INFO  ExportHelperExtension.cs: 1402 - Fixing 32
2025-11-18 15:27:58,124 INFO  ExportHelperExtension.cs: 1409 - Component 32 is already fixed
2025-11-18 15:27:58,125 INFO  ExportHelperExtension.cs: 1402 - Fixing 44
2025-11-18 15:27:58,125 INFO  ExportHelperExtension.cs: 1409 - Component 44 is already fixed
2025-11-18 15:27:58,126 INFO  ExportHelperExtension.cs: 1402 - Fixing 34
2025-11-18 15:27:58,126 INFO  ExportHelperExtension.cs: 1409 - Component 34 is already fixed
2025-11-18 15:27:58,127 INFO  ExportHelperExtension.cs: 1402 - Fixing 31
2025-11-18 15:27:58,127 INFO  ExportHelperExtension.cs: 1409 - Component 31 is already fixed
2025-11-18 15:27:58,128 INFO  ExportHelperExtension.cs: 1402 - Fixing 42
2025-11-18 15:27:58,128 INFO  ExportHelperExtension.cs: 1409 - Component 42 is already fixed
2025-11-18 15:27:58,129 INFO  ExportHelperExtension.cs: 1402 - Fixing 50
2025-11-18 15:27:58,129 INFO  ExportHelperExtension.cs: 1409 - Component 50 is already fixed
2025-11-18 15:27:58,129 INFO  ExportHelperExtension.cs: 1402 - Fixing 90
2025-11-18 15:27:58,130 INFO  ExportHelperExtension.cs: 1409 - Component 90 is already fixed
2025-11-18 15:27:58,130 INFO  ExportHelperExtension.cs: 1402 - Fixing 71
2025-11-18 15:27:58,130 INFO  ExportHelperExtension.cs: 1409 - Component 71 is already fixed
2025-11-18 15:27:58,131 INFO  ExportHelperExtension.cs: 1402 - Fixing 51
2025-11-18 15:27:58,131 INFO  ExportHelperExtension.cs: 1409 - Component 51 is already fixed
2025-11-18 15:27:58,131 INFO  ExportHelperExtension.cs: 1402 - Fixing 72
2025-11-18 15:27:58,132 INFO  ExportHelperExtension.cs: 1409 - Component 72 is already fixed
2025-11-18 15:27:58,135 INFO  ExportHelperExtension.cs: 1402 - Fixing 40
2025-11-18 15:27:58,135 INFO  ExportHelperExtension.cs: 1409 - Component 40 is already fixed
2025-11-18 15:27:58,135 INFO  ExportHelperExtension.cs: 1402 - Fixing 49
2025-11-18 15:27:58,136 INFO  ExportHelperExtension.cs: 1409 - Component 49 is already fixed
2025-11-18 15:27:58,136 INFO  ExportHelperExtension.cs: 1402 - Fixing 41
2025-11-18 15:27:58,136 INFO  ExportHelperExtension.cs: 1409 - Component 41 is already fixed
2025-11-18 15:27:58,137 INFO  ExportHelperExtension.cs: 1402 - Fixing 37
2025-11-18 15:27:58,137 INFO  ExportHelperExtension.cs: 1409 - Component 37 is already fixed
2025-11-18 15:27:58,137 INFO  ExportHelperExtension.cs: 1402 - Fixing 48
2025-11-18 15:27:58,138 INFO  ExportHelperExtension.cs: 1409 - Component 48 is already fixed
2025-11-18 15:27:58,138 INFO  ExportHelperExtension.cs: 1402 - Fixing 39
2025-11-18 15:27:58,138 INFO  ExportHelperExtension.cs: 1409 - Component 39 is already fixed
2025-11-18 15:27:58,139 INFO  ExportHelperExtension.cs: 1402 - Fixing 36
2025-11-18 15:27:58,139 INFO  ExportHelperExtension.cs: 1409 - Component 36 is already fixed
2025-11-18 15:27:58,139 INFO  ExportHelperExtension.cs: 1402 - Fixing 35
2025-11-18 15:27:58,140 INFO  ExportHelperExtension.cs: 1409 - Component 35 is already fixed
2025-11-18 15:27:58,797 INFO  ExportHelperExtension.cs: 832 - R1: 0, 0
2025-11-18 15:27:58,798 INFO  ExportHelperExtension.cs: 841 - R2: 0, 0
2025-11-18 15:27:58,798 INFO  ExportHelperExtension.cs: 849 - L1: 0
2025-11-18 15:27:58,798 INFO  ExportHelperExtension.cs: 857 - L2: 0
2025-11-18 15:27:59,793 WARN  ExportHelperExtension.cs: 351 - Creating joint from parent Link5 to child Link6 failed
2025-11-18 15:27:59,888 INFO  ExportHelperExtension.cs: 1125 - Retrieving features of type [CoordSys] from 完整装配
2025-11-18 15:27:59,889 INFO  ExportHelperExtension.cs: 1136 - Found 113 in 完整装配
2025-11-18 15:27:59,890 INFO  ExportHelperExtension.cs: 1145 - Found 7 features of type [CoordSys] in 完整装配
2025-11-18 15:27:59,890 INFO  ExportHelperExtension.cs: 1148 - Proceeding through assembly components
2025-11-18 15:27:59,890 INFO  ExportHelperExtension.cs: 1160 - 21 components to check
2025-11-18 15:27:59,890 INFO  ExportHelperExtension.cs: 1125 - Retrieving features of type [CoordSys] from 6__________-1
2025-11-18 15:27:59,891 INFO  ExportHelperExtension.cs: 1136 - Found 28 in 6__________-1
2025-11-18 15:27:59,891 INFO  ExportHelperExtension.cs: 1145 - Found 0 features of type [CoordSys] in 6__________-1
2025-11-18 15:27:59,891 INFO  ExportHelperExtension.cs: 1125 - Retrieving features of type [CoordSys] from ____2______-1
2025-11-18 15:27:59,892 INFO  ExportHelperExtension.cs: 1136 - Found 28 in ____2______-1
2025-11-18 15:27:59,892 INFO  ExportHelperExtension.cs: 1145 - Found 0 features of type [CoordSys] in ____2______-1
2025-11-18 15:27:59,892 INFO  ExportHelperExtension.cs: 1125 - Retrieving features of type [CoordSys] from 2-3________-1
2025-11-18 15:27:59,893 INFO  ExportHelperExtension.cs: 1136 - Found 28 in 2-3________-1
2025-11-18 15:27:59,893 INFO  ExportHelperExtension.cs: 1145 - Found 0 features of type [CoordSys] in 2-3________-1
2025-11-18 15:27:59,894 INFO  ExportHelperExtension.cs: 1125 - Retrieving features of type [CoordSys] from 2-3________-2
2025-11-18 15:27:59,894 INFO  ExportHelperExtension.cs: 1136 - Found 28 in 2-3________-2
2025-11-18 15:27:59,895 INFO  ExportHelperExtension.cs: 1145 - Found 0 features of type [CoordSys] in 2-3________-2
2025-11-18 15:27:59,895 INFO  ExportHelperExtension.cs: 1125 - Retrieving features of type [CoordSys] from ____1-1
2025-11-18 15:27:59,895 INFO  ExportHelperExtension.cs: 1136 - Found 28 in ____1-1
2025-11-18 15:27:59,896 INFO  ExportHelperExtension.cs: 1145 - Found 0 features of type [CoordSys] in ____1-1
2025-11-18 15:27:59,896 INFO  ExportHelperExtension.cs: 1125 - Retrieving features of type [CoordSys] from ________1-5
2025-11-18 15:27:59,896 INFO  ExportHelperExtension.cs: 1136 - Found 28 in ________1-5
2025-11-18 15:27:59,897 INFO  ExportHelperExtension.cs: 1145 - Found 0 features of type [CoordSys] in ________1-5
2025-11-18 15:27:59,897 INFO  ExportHelperExtension.cs: 1125 - Retrieving features of type [CoordSys] from ________1-3
2025-11-18 15:27:59,897 INFO  ExportHelperExtension.cs: 1136 - Found 28 in ________1-3
2025-11-18 15:27:59,898 INFO  ExportHelperExtension.cs: 1145 - Found 0 features of type [CoordSys] in ________1-3
2025-11-18 15:27:59,898 INFO  ExportHelperExtension.cs: 1125 - Retrieving features of type [CoordSys] from ____-2
2025-11-18 15:27:59,899 INFO  ExportHelperExtension.cs: 1136 - Found 28 in ____-2
2025-11-18 15:27:59,899 INFO  ExportHelperExtension.cs: 1145 - Found 0 features of type [CoordSys] in ____-2
2025-11-18 15:27:59,899 INFO  ExportHelperExtension.cs: 1125 - Retrieving features of type [CoordSys] from ____________-2
2025-11-18 15:27:59,900 INFO  ExportHelperExtension.cs: 1136 - Found 28 in ____________-2
2025-11-18 15:27:59,900 INFO  ExportHelperExtension.cs: 1145 - Found 0 features of type [CoordSys] in ____________-2
2025-11-18 15:27:59,900 INFO  ExportHelperExtension.cs: 1125 - Retrieving features of type [CoordSys] from ____-0-2
2025-11-18 15:27:59,901 INFO  ExportHelperExtension.cs: 1136 - Found 257 in ____-0-2
2025-11-18 15:27:59,902 INFO  ExportHelperExtension.cs: 1145 - Found 0 features of type [CoordSys] in ____-0-2
2025-11-18 15:27:59,902 INFO  ExportHelperExtension.cs: 1125 - Retrieving features of type [CoordSys] from ____2__________-1
2025-11-18 15:27:59,903 INFO  ExportHelperExtension.cs: 1136 - Found 28 in ____2__________-1
2025-11-18 15:27:59,903 INFO  ExportHelperExtension.cs: 1145 - Found 0 features of type [CoordSys] in ____2__________-1
2025-11-18 15:27:59,903 INFO  ExportHelperExtension.cs: 1125 - Retrieving features of type [CoordSys] from ________1-2
2025-11-18 15:27:59,904 INFO  ExportHelperExtension.cs: 1136 - Found 28 in ________1-2
2025-11-18 15:27:59,904 INFO  ExportHelperExtension.cs: 1145 - Found 0 features of type [CoordSys] in ________1-2
2025-11-18 15:27:59,904 INFO  ExportHelperExtension.cs: 1125 - Retrieving features of type [CoordSys] from 5__________-1
2025-11-18 15:27:59,905 INFO  ExportHelperExtension.cs: 1136 - Found 28 in 5__________-1
2025-11-18 15:27:59,905 INFO  ExportHelperExtension.cs: 1145 - Found 0 features of type [CoordSys] in 5__________-1
2025-11-18 15:27:59,905 INFO  ExportHelperExtension.cs: 1125 - Retrieving features of type [CoordSys] from ____2-1
2025-11-18 15:27:59,906 INFO  ExportHelperExtension.cs: 1136 - Found 28 in ____2-1
2025-11-18 15:27:59,906 INFO  ExportHelperExtension.cs: 1145 - Found 0 features of type [CoordSys] in ____2-1
2025-11-18 15:27:59,906 INFO  ExportHelperExtension.cs: 1125 - Retrieving features of type [CoordSys] from 2-3____________-1
2025-11-18 15:27:59,907 INFO  ExportHelperExtension.cs: 1136 - Found 28 in 2-3____________-1
2025-11-18 15:27:59,907 INFO  ExportHelperExtension.cs: 1145 - Found 0 features of type [CoordSys] in 2-3____________-1
2025-11-18 15:27:59,907 INFO  ExportHelperExtension.cs: 1125 - Retrieving features of type [CoordSys] from ________1-4
2025-11-18 15:27:59,908 INFO  ExportHelperExtension.cs: 1136 - Found 28 in ________1-4
2025-11-18 15:27:59,908 INFO  ExportHelperExtension.cs: 1145 - Found 0 features of type [CoordSys] in ________1-4
2025-11-18 15:27:59,908 INFO  ExportHelperExtension.cs: 1125 - Retrieving features of type [CoordSys] from 6______________-1
2025-11-18 15:27:59,909 INFO  ExportHelperExtension.cs: 1136 - Found 28 in 6______________-1
2025-11-18 15:27:59,909 INFO  ExportHelperExtension.cs: 1145 - Found 0 features of type [CoordSys] in 6______________-1
2025-11-18 15:27:59,909 INFO  ExportHelperExtension.cs: 1125 - Retrieving features of type [CoordSys] from ____2__________-2
2025-11-18 15:27:59,910 INFO  ExportHelperExtension.cs: 1136 - Found 28 in ____2__________-2
2025-11-18 15:27:59,910 INFO  ExportHelperExtension.cs: 1145 - Found 0 features of type [CoordSys] in ____2__________-2
2025-11-18 15:27:59,910 INFO  ExportHelperExtension.cs: 1125 - Retrieving features of type [CoordSys] from ________1-6
2025-11-18 15:27:59,911 INFO  ExportHelperExtension.cs: 1136 - Found 28 in ________1-6
2025-11-18 15:27:59,911 INFO  ExportHelperExtension.cs: 1145 - Found 0 features of type [CoordSys] in ________1-6
2025-11-18 15:27:59,912 INFO  ExportHelperExtension.cs: 1125 - Retrieving features of type [CoordSys] from 2-3____________-2
2025-11-18 15:27:59,912 INFO  ExportHelperExtension.cs: 1136 - Found 28 in 2-3____________-2
2025-11-18 15:27:59,912 INFO  ExportHelperExtension.cs: 1145 - Found 0 features of type [CoordSys] in 2-3____________-2
2025-11-18 15:27:59,913 INFO  ExportHelperExtension.cs: 1125 - Retrieving features of type [CoordSys] from ________1-8
2025-11-18 15:27:59,913 INFO  ExportHelperExtension.cs: 1136 - Found 28 in ________1-8
2025-11-18 15:27:59,913 INFO  ExportHelperExtension.cs: 1145 - Found 0 features of type [CoordSys] in ________1-8
2025-11-18 15:27:59,914 INFO  ExportHelperExtension.cs: 1125 - Retrieving features of type [RefAxis] from 完整装配
2025-11-18 15:27:59,914 INFO  ExportHelperExtension.cs: 1136 - Found 113 in 完整装配
2025-11-18 15:27:59,915 INFO  ExportHelperExtension.cs: 1145 - Found 6 features of type [RefAxis] in 完整装配
2025-11-18 15:27:59,915 INFO  ExportHelperExtension.cs: 1148 - Proceeding through assembly components
2025-11-18 15:27:59,915 INFO  ExportHelperExtension.cs: 1160 - 21 components to check
2025-11-18 15:27:59,916 INFO  ExportHelperExtension.cs: 1125 - Retrieving features of type [RefAxis] from 6__________-1
2025-11-18 15:27:59,916 INFO  ExportHelperExtension.cs: 1136 - Found 28 in 6__________-1
2025-11-18 15:27:59,916 INFO  ExportHelperExtension.cs: 1145 - Found 0 features of type [RefAxis] in 6__________-1
2025-11-18 15:27:59,916 INFO  ExportHelperExtension.cs: 1125 - Retrieving features of type [RefAxis] from ____2______-1
2025-11-18 15:27:59,917 INFO  ExportHelperExtension.cs: 1136 - Found 28 in ____2______-1
2025-11-18 15:27:59,917 INFO  ExportHelperExtension.cs: 1145 - Found 0 features of type [RefAxis] in ____2______-1
2025-11-18 15:27:59,917 INFO  ExportHelperExtension.cs: 1125 - Retrieving features of type [RefAxis] from 2-3________-1
2025-11-18 15:27:59,918 INFO  ExportHelperExtension.cs: 1136 - Found 28 in 2-3________-1
2025-11-18 15:27:59,918 INFO  ExportHelperExtension.cs: 1145 - Found 0 features of type [RefAxis] in 2-3________-1
2025-11-18 15:27:59,919 INFO  ExportHelperExtension.cs: 1125 - Retrieving features of type [RefAxis] from 2-3________-2
2025-11-18 15:27:59,919 INFO  ExportHelperExtension.cs: 1136 - Found 28 in 2-3________-2
2025-11-18 15:27:59,919 INFO  ExportHelperExtension.cs: 1145 - Found 0 features of type [RefAxis] in 2-3________-2
2025-11-18 15:27:59,920 INFO  ExportHelperExtension.cs: 1125 - Retrieving features of type [RefAxis] from ____1-1
2025-11-18 15:27:59,920 INFO  ExportHelperExtension.cs: 1136 - Found 28 in ____1-1
2025-11-18 15:27:59,923 INFO  ExportHelperExtension.cs: 1145 - Found 0 features of type [RefAxis] in ____1-1
2025-11-18 15:27:59,923 INFO  ExportHelperExtension.cs: 1125 - Retrieving features of type [RefAxis] from ________1-5
2025-11-18 15:27:59,951 INFO  ExportHelperExtension.cs: 1136 - Found 28 in ________1-5
2025-11-18 15:27:59,951 INFO  ExportHelperExtension.cs: 1145 - Found 0 features of type [RefAxis] in ________1-5
2025-11-18 15:27:59,952 INFO  ExportHelperExtension.cs: 1125 - Retrieving features of type [RefAxis] from ________1-3
2025-11-18 15:27:59,952 INFO  ExportHelperExtension.cs: 1136 - Found 28 in ________1-3
2025-11-18 15:27:59,952 INFO  ExportHelperExtension.cs: 1145 - Found 0 features of type [RefAxis] in ________1-3
2025-11-18 15:27:59,953 INFO  ExportHelperExtension.cs: 1125 - Retrieving features of type [RefAxis] from ____-2
2025-11-18 15:27:59,953 INFO  ExportHelperExtension.cs: 1136 - Found 28 in ____-2
2025-11-18 15:27:59,953 INFO  ExportHelperExtension.cs: 1145 - Found 0 features of type [RefAxis] in ____-2
2025-11-18 15:27:59,954 INFO  ExportHelperExtension.cs: 1125 - Retrieving features of type [RefAxis] from ____________-2
2025-11-18 15:27:59,954 INFO  ExportHelperExtension.cs: 1136 - Found 28 in ____________-2
2025-11-18 15:27:59,954 INFO  ExportHelperExtension.cs: 1145 - Found 0 features of type [RefAxis] in ____________-2
2025-11-18 15:27:59,955 INFO  ExportHelperExtension.cs: 1125 - Retrieving features of type [RefAxis] from ____-0-2
2025-11-18 15:27:59,955 INFO  ExportHelperExtension.cs: 1136 - Found 257 in ____-0-2
2025-11-18 15:27:59,956 INFO  ExportHelperExtension.cs: 1145 - Found 0 features of type [RefAxis] in ____-0-2
2025-11-18 15:27:59,957 INFO  ExportHelperExtension.cs: 1125 - Retrieving features of type [RefAxis] from ____2__________-1
2025-11-18 15:27:59,957 INFO  ExportHelperExtension.cs: 1136 - Found 28 in ____2__________-1
2025-11-18 15:27:59,957 INFO  ExportHelperExtension.cs: 1145 - Found 0 features of type [RefAxis] in ____2__________-1
2025-11-18 15:27:59,958 INFO  ExportHelperExtension.cs: 1125 - Retrieving features of type [RefAxis] from ________1-2
2025-11-18 15:27:59,958 INFO  ExportHelperExtension.cs: 1136 - Found 28 in ________1-2
2025-11-18 15:27:59,958 INFO  ExportHelperExtension.cs: 1145 - Found 0 features of type [RefAxis] in ________1-2
2025-11-18 15:27:59,959 INFO  ExportHelperExtension.cs: 1125 - Retrieving features of type [RefAxis] from 5__________-1
2025-11-18 15:27:59,959 INFO  ExportHelperExtension.cs: 1136 - Found 28 in 5__________-1
2025-11-18 15:27:59,959 INFO  ExportHelperExtension.cs: 1145 - Found 0 features of type [RefAxis] in 5__________-1
2025-11-18 15:27:59,960 INFO  ExportHelperExtension.cs: 1125 - Retrieving features of type [RefAxis] from ____2-1
2025-11-18 15:27:59,960 INFO  ExportHelperExtension.cs: 1136 - Found 28 in ____2-1
2025-11-18 15:27:59,961 INFO  ExportHelperExtension.cs: 1145 - Found 0 features of type [RefAxis] in ____2-1
2025-11-18 15:27:59,961 INFO  ExportHelperExtension.cs: 1125 - Retrieving features of type [RefAxis] from 2-3____________-1
2025-11-18 15:27:59,961 INFO  ExportHelperExtension.cs: 1136 - Found 28 in 2-3____________-1
2025-11-18 15:27:59,962 INFO  ExportHelperExtension.cs: 1145 - Found 0 features of type [RefAxis] in 2-3____________-1
2025-11-18 15:27:59,962 INFO  ExportHelperExtension.cs: 1125 - Retrieving features of type [RefAxis] from ________1-4
2025-11-18 15:27:59,963 INFO  ExportHelperExtension.cs: 1136 - Found 28 in ________1-4
2025-11-18 15:27:59,963 INFO  ExportHelperExtension.cs: 1145 - Found 0 features of type [RefAxis] in ________1-4
2025-11-18 15:27:59,963 INFO  ExportHelperExtension.cs: 1125 - Retrieving features of type [RefAxis] from 6______________-1
2025-11-18 15:27:59,964 INFO  ExportHelperExtension.cs: 1136 - Found 28 in 6______________-1
2025-11-18 15:27:59,964 INFO  ExportHelperExtension.cs: 1145 - Found 0 features of type [RefAxis] in 6______________-1
2025-11-18 15:27:59,964 INFO  ExportHelperExtension.cs: 1125 - Retrieving features of type [RefAxis] from ____2__________-2
2025-11-18 15:27:59,965 INFO  ExportHelperExtension.cs: 1136 - Found 28 in ____2__________-2
2025-11-18 15:27:59,965 INFO  ExportHelperExtension.cs: 1145 - Found 0 features of type [RefAxis] in ____2__________-2
2025-11-18 15:27:59,965 INFO  ExportHelperExtension.cs: 1125 - Retrieving features of type [RefAxis] from ________1-6
2025-11-18 15:27:59,966 INFO  ExportHelperExtension.cs: 1136 - Found 28 in ________1-6
2025-11-18 15:27:59,966 INFO  ExportHelperExtension.cs: 1145 - Found 0 features of type [RefAxis] in ________1-6
2025-11-18 15:27:59,966 INFO  ExportHelperExtension.cs: 1125 - Retrieving features of type [RefAxis] from 2-3____________-2
2025-11-18 15:27:59,967 INFO  ExportHelperExtension.cs: 1136 - Found 28 in 2-3____________-2
2025-11-18 15:27:59,967 INFO  ExportHelperExtension.cs: 1145 - Found 0 features of type [RefAxis] in 2-3____________-2
2025-11-18 15:27:59,967 INFO  ExportHelperExtension.cs: 1125 - Retrieving features of type [RefAxis] from ________1-8
2025-11-18 15:27:59,967 INFO  ExportHelperExtension.cs: 1136 - Found 28 in ________1-8
2025-11-18 15:27:59,967 INFO  ExportHelperExtension.cs: 1145 - Found 0 features of type [RefAxis] in ________1-8
2025-11-18 15:28:00,028 INFO  ExportPropertyManager.cs: 1142 - AfterClose called. This method no longer throws an Exception. It just silently does nothing. Ok, except for this logging message
2025-11-18 15:32:49,854 INFO  AssemblyExportForm.cs: 253 - Completing URDF export
2025-11-18 15:32:49,859 INFO  ConfigurationSerialization.cs: 276 - URDF Configuration found
<Link z:Id="i1" xmlns="http://schemas.datacontract.org/2004/07/SW2URDF" xmlns:i="http://www.w3.org/2001/XMLSchema-instance" xmlns:z="http://schemas.microsoft.com/2003/10/Serialization/"><Attributes><Attribute z:Id="i2"><AttributeType>name</AttributeType><IsRequired>true</IsRequired><Value i:type="a:string" xmlns:a="http://www.w3.org/2001/XMLSchema">base_link</Value></Attribute></Attributes><ChildElements><URDFElement z:Id="i3" i:type="Inertial"><Attributes/><ChildElements><URDFElement z:Id="i4" i:type="Origin"><Attributes><Attribute z:Id="i5"><AttributeType>xyz</AttributeType><IsRequired>true</IsRequired><Value i:type="a:ArrayOfdouble" xmlns:a="http://schemas.microsoft.com/2003/10/Serialization/Arrays"><a:double>0</a:double><a:double>0</a:double><a:double>0</a:double></Value></Attribute><Attribute z:Id="i6"><AttributeType>rpy</AttributeType><IsRequired>true</IsRequired><Value i:type="a:ArrayOfdouble" xmlns:a="http://schemas.microsoft.com/2003/10/Serialization/Arrays"><a:double>0</a:double><a:double>0</a:double><a:double>0</a:double></Value></Attribute></Attributes><ChildElements/><ElementName>origin</ElementName><required>false</required><RPYAttribute z:Ref="i6"/><XYZAttribute z:Ref="i5"/><isCustomized>false</isCustomized></URDFElement><URDFElement z:Id="i7" i:type="Mass"><Attributes><Attribute z:Id="i8"><AttributeType>value</AttributeType><IsRequired>true</IsRequired><Value i:type="a:double" xmlns:a="http://www.w3.org/2001/XMLSchema">0</Value></Attribute></Attributes><ChildElements/><ElementName>mass</ElementName><required>false</required><ValueAttribute z:Ref="i8"/></URDFElement><URDFElement z:Id="i9" i:type="Inertia"><Attributes><Attribute z:Id="i10"><AttributeType>ixx</AttributeType><IsRequired>true</IsRequired><Value i:type="a:double" xmlns:a="http://www.w3.org/2001/XMLSchema">0</Value></Attribute><Attribute z:Id="i11"><AttributeType>ixy</AttributeType><IsRequired>true</IsRequired><Value i:type="a:double" xmlns:a="http://www.w3.org/2001/XMLSchema">0</Value></Attribute><Attribute z:Id="i12"><AttributeType>ixz</AttributeType><IsRequired>true</IsRequired><Value i:type="a:double" xmlns:a="http://www.w3.org/2001/XMLSchema">0</Value></Attribute><Attribute z:Id="i13"><AttributeType>iyy</AttributeType><IsRequired>true</IsRequired><Value i:type="a:double" xmlns:a="http://www.w3.org/2001/XMLSchema">0</Value></Attribute><Attribute z:Id="i14"><AttributeType>iyz</AttributeType><IsRequired>true</IsRequired><Value i:type="a:double" xmlns:a="http://www.w3.org/2001/XMLSchema">0</Value></Attribute><Attribute z:Id="i15"><AttributeType>izz</AttributeType><IsRequired>true</IsRequired><Value i:type="a:double" xmlns:a="http://www.w3.org/2001/XMLSchema">0</Value></Attribute></Attributes><ChildElements/><ElementName>inertia</ElementName><required>false</required><IxxAttribute z:Ref="i10"/><IxyAttribute z:Ref="i11"/><IxzAttribute z:Ref="i12"/><IyyAttribute z:Ref="i13"/><IyzAttribute z:Ref="i14"/><IzzAttribute z:Ref="i15"/></URDFElement></ChildElements><ElementName>inertial</ElementName><required>false</required><Inertia z:Ref="i9"/><Mass z:Ref="i7"/><Origin z:Ref="i4"/></URDFElement><URDFElement z:Id="i16" i:type="Visual"><Attributes/><ChildElements><URDFElement z:Id="i17" i:type="Origin"><Attributes><Attribute z:Id="i18"><AttributeType>xyz</AttributeType><IsRequired>true</IsRequired><Value i:type="a:ArrayOfdouble" xmlns:a="http://schemas.microsoft.com/2003/10/Serialization/Arrays"><a:double>0</a:double><a:double>0</a:double><a:double>0</a:double></Value></Attribute><Attribute z:Id="i19"><AttributeType>rpy</AttributeType><IsRequired>true</IsRequired><Value i:type="a:ArrayOfdouble" xmlns:a="http://schemas.microsoft.com/2003/10/Serialization/Arrays"><a:double>0</a:double><a:double>0</a:double><a:double>0</a:double></Value></Attribute></Attributes><ChildElements/><ElementName>origin</ElementName><required>false</required><RPYAttribute z:Ref="i19"/><XYZAttribute z:Ref="i18"/><isCustomized>false</isCustomized></URDFElement><URDFElement z:Id="i20" i:type="Geometry"><Attributes/><ChildElements><URDFElement z:Id="i21" i:type="Mesh"><Attributes><Attribute z:Id="i22"><AttributeType>filename</AttributeType><IsRequired>true</IsRequired><Value i:nil="true"/></Attribute></Attributes><ChildElements/><ElementName>mesh</ElementName><required>false</required><FilenameAttribute z:Ref="i22"/></URDFElement></ChildElements><ElementName>geometry</ElementName><required>true</required><Mesh z:Ref="i21"/></URDFElement><URDFElement z:Id="i23" i:type="Material"><Attributes><Attribute z:Id="i24"><AttributeType>name</AttributeType><IsRequired>true</IsRequired><Value i:type="a:string" xmlns:a="http://www.w3.org/2001/XMLSchema"/></Attribute></Attributes><ChildElements><URDFElement z:Id="i25" i:type="Color"><Attributes><Attribute z:Id="i26"><AttributeType>rgba</AttributeType><IsRequired>true</IsRequired><Value i:type="a:ArrayOfdouble" xmlns:a="http://schemas.microsoft.com/2003/10/Serialization/Arrays"><a:double>1</a:double><a:double>1</a:double><a:double>1</a:double><a:double>1</a:double></Value></Attribute></Attributes><ChildElements/><ElementName>color</ElementName><required>false</required><RGBAAttribute z:Ref="i26"/></URDFElement><URDFElement z:Id="i27" i:type="Texture"><Attributes><Attribute z:Id="i28"><AttributeType>filename</AttributeType><IsRequired>true</IsRequired><Value i:nil="true"/></Attribute></Attributes><ChildElements/><ElementName>texture</ElementName><required>false</required><FilenameAttribute z:Ref="i28"/><wFilename/></URDFElement></ChildElements><ElementName>material</ElementName><required>false</required><Color z:Ref="i25"/><NameAttribute z:Ref="i24"/><Texture z:Ref="i27"/></URDFElement></ChildElements><ElementName>visual</ElementName><required>false</required><Geometry z:Ref="i20"/><Material z:Ref="i23"/><Origin z:Ref="i17"/></URDFElement><URDFElement z:Id="i29" i:type="Collision"><Attributes/><ChildElements><URDFElement z:Id="i30" i:type="Origin"><Attributes><Attribute z:Id="i31"><AttributeType>xyz</AttributeType><IsRequired>true</IsRequired><Value i:type="a:ArrayOfdouble" xmlns:a="http://schemas.microsoft.com/2003/10/Serialization/Arrays"><a:double>0</a:double><a:double>0</a:double><a:double>0</a:double></Value></Attribute><Attribute z:Id="i32"><AttributeType>rpy</AttributeType><IsRequired>true</IsRequired><Value i:type="a:ArrayOfdouble" xmlns:a="http://schemas.microsoft.com/2003/10/Serialization/Arrays"><a:double>0</a:double><a:double>0</a:double><a:double>0</a:double></Value></Attribute></Attributes><ChildElements/><ElementName>origin</ElementName><required>false</required><RPYAttribute z:Ref="i32"/><XYZAttribute z:Ref="i31"/><isCustomized>false</isCustomized></URDFElement><URDFElement z:Id="i33" i:type="Geometry"><Attributes/><ChildElements><URDFElement z:Id="i34" i:type="Mesh"><Attributes><Attribute z:Id="i35"><AttributeType>filename</AttributeType><IsRequired>true</IsRequired><Value i:nil="true"/></Attribute></Attributes><ChildElements/><ElementName>mesh</ElementName><required>false</required><FilenameAttribute z:Ref="i35"/></URDFElement></ChildElements><ElementName>geometry</ElementName><required>true</required><Mesh z:Ref="i34"/></URDFElement></ChildElements><ElementName>collision</ElementName><required>false</required><Geometry z:Ref="i33"/><Origin z:Ref="i30"/></URDFElement><URDFElement z:Id="i36" i:type="Joint"><Attributes><Attribute z:Id="i37"><AttributeType>name</AttributeType><IsRequired>true</IsRequired><Value i:type="a:string" xmlns:a="http://www.w3.org/2001/XMLSchema"/></Attribute><Attribute z:Id="i38"><AttributeType>type</AttributeType><IsRequired>true</IsRequired><Value i:type="a:string" xmlns:a="http://www.w3.org/2001/XMLSchema"/></Attribute></Attributes><ChildElements><URDFElement z:Id="i39" i:type="Origin"><Attributes><Attribute z:Id="i40"><AttributeType>xyz</AttributeType><IsRequired>true</IsRequired><Value i:type="a:ArrayOfdouble" xmlns:a="http://schemas.microsoft.com/2003/10/Serialization/Arrays"><a:double>0</a:double><a:double>0</a:double><a:double>0</a:double></Value></Attribute><Attribute z:Id="i41"><AttributeType>rpy</AttributeType><IsRequired>true</IsRequired><Value i:type="a:ArrayOfdouble" xmlns:a="http://schemas.microsoft.com/2003/10/Serialization/Arrays"><a:double>0</a:double><a:double>0</a:double><a:double>0</a:double></Value></Attribute></Attributes><ChildElements/><ElementName>origin</ElementName><required>false</required><RPYAttribute z:Ref="i41"/><XYZAttribute z:Ref="i40"/><isCustomized>false</isCustomized></URDFElement><URDFElement z:Id="i42" i:type="ParentLink"><Attributes><Attribute z:Id="i43"><AttributeType>link</AttributeType><IsRequired>true</IsRequired><Value i:type="a:string" xmlns:a="http://www.w3.org/2001/XMLSchema"/></Attribute></Attributes><ChildElements/><ElementName>parent</ElementName><required>true</required><NameAttribute z:Ref="i43"/></URDFElement><URDFElement z:Id="i44" i:type="ChildLink"><Attributes><Attribute z:Id="i45"><AttributeType>link</AttributeType><IsRequired>true</IsRequired><Value i:type="a:string" xmlns:a="http://www.w3.org/2001/XMLSchema"/></Attribute></Attributes><ChildElements/><ElementName>child</ElementName><required>true</required><NameAttribute z:Ref="i45"/></URDFElement><URDFElement z:Id="i46" i:type="Axis"><Attributes><Attribute z:Id="i47"><AttributeType>xyz</AttributeType><IsRequired>true</IsRequired><Value i:type="a:ArrayOfdouble" xmlns:a="http://schemas.microsoft.com/2003/10/Serialization/Arrays"><a:double>0</a:double><a:double>0</a:double><a:double>0</a:double></Value></Attribute></Attributes><ChildElements/><ElementName>axis</ElementName><required>false</required><XYZAttribute z:Ref="i47"/></URDFElement><URDFElement z:Id="i48" i:type="Limit"><Attributes><Attribute z:Id="i49"><AttributeType>lower</AttributeType><IsRequired>false</IsRequired><Value i:nil="true"/></Attribute><Attribute z:Id="i50"><AttributeType>upper</AttributeType><IsRequired>false</IsRequired><Value i:nil="true"/></Attribute><Attribute z:Id="i51"><AttributeType>effort</AttributeType><IsRequired>true</IsRequired><Value i:nil="true"/></Attribute><Attribute z:Id="i52"><AttributeType>velocity</AttributeType><IsRequired>true</IsRequired><Value i:nil="true"/></Attribute></Attributes><ChildElements/><ElementName>limit</ElementName><required>false</required><EffortAttribute z:Ref="i51"/><LowerAttribute z:Ref="i49"/><UpperAttribute z:Ref="i50"/><VelocityAttribute z:Ref="i52"/></URDFElement><URDFElement z:Id="i53" i:type="Calibration"><Attributes><Attribute z:Id="i54"><AttributeType>rising</AttributeType><IsRequired>false</IsRequired><Value i:nil="true"/></Attribute><Attribute z:Id="i55"><AttributeType>falling</AttributeType><IsRequired>false</IsRequired><Value i:nil="true"/></Attribute></Attributes><ChildElements/><ElementName>calibration</ElementName><required>false</required><FallingAttribute z:Ref="i55"/><RisingAttribute z:Ref="i54"/></URDFElement><URDFElement z:Id="i56" i:type="Dynamics"><Attributes><Attribute z:Id="i57"><AttributeType>damping</AttributeType><IsRequired>false</IsRequired><Value i:nil="true"/></Attribute><Attribute z:Id="i58"><AttributeType>friction</AttributeType><IsRequired>false</IsRequired><Value i:nil="true"/></Attribute></Attributes><ChildElements/><ElementName>dynamics</ElementName><required>false</required><DampingAttribute z:Ref="i57"/><FrictionAttribute z:Ref="i58"/></URDFElement><URDFElement z:Id="i59" i:type="SafetyController"><Attributes><Attribute z:Id="i60"><AttributeType>soft_upper_limit</AttributeType><IsRequired>false</IsRequired><Value i:nil="true"/></Attribute><Attribute z:Id="i61"><AttributeType>soft_lower_limit</AttributeType><IsRequired>false</IsRequired><Value i:nil="true"/></Attribute><Attribute z:Id="i62"><AttributeType>k_position</AttributeType><IsRequired>false</IsRequired><Value i:nil="true"/></Attribute><Attribute z:Id="i63"><AttributeType>k_velocity</AttributeType><IsRequired>true</IsRequired><Value i:nil="true"/></Attribute></Attributes><ChildElements/><ElementName>safety_controller</ElementName><required>false</required><KPositionAttribute z:Ref="i62"/><KVelocityAttribute z:Ref="i63"/><SoftLowerAttribute z:Ref="i61"/><SoftUpperAttribute z:Ref="i60"/></URDFElement><URDFElement z:Id="i64" i:type="Mimic"><Attributes><Attribute z:Id="i65"><AttributeType>joint</AttributeType><IsRequired>true</IsRequired><Value i:nil="true"/></Attribute><Attribute z:Id="i66"><AttributeType>multiplier</AttributeType><IsRequired>false</IsRequired><Value i:nil="true"/></Attribute><Attribute z:Id="i67"><AttributeType>offset</AttributeType><IsRequired>false</IsRequired><Value i:nil="true"/></Attribute></Attributes><ChildElements/><ElementName>mimic</ElementName><required>false</required><JointNameAttribute z:Ref="i65"/><MultiplierAttribute z:Ref="i66"/><OffsetAttribute z:Ref="i67"/></URDFElement></ChildElements><ElementName>joint</ElementName><required>false</required><Axis z:Ref="i46"/><AxisName/><Calibration z:Ref="i53"/><Child z:Ref="i44"/><CoordinateSystemName>Automatically Generate</CoordinateSystemName><Dynamics z:Ref="i56"/><Limit z:Ref="i48"/><Mimic z:Ref="i64"/><NameAttribute z:Ref="i37"/><Origin z:Ref="i39"/><Parent z:Ref="i42"/><Safety z:Ref="i59"/><TypeAttribute z:Ref="i38"/></URDFElement></ChildElements><ElementName>link</ElementName><required>true</required><Children><Link z:Id="i68"><Attributes><Attribute z:Id="i69"><AttributeType>name</AttributeType><IsRequired>true</IsRequired><Value i:type="a:string" xmlns:a="http://www.w3.org/2001/XMLSchema">Link1</Value></Attribute></Attributes><ChildElements><URDFElement z:Id="i70" i:type="Inertial"><Attributes/><ChildElements><URDFElement z:Id="i71" i:type="Origin"><Attributes><Attribute z:Id="i72"><AttributeType>xyz</AttributeType><IsRequired>true</IsRequired><Value i:type="a:ArrayOfdouble" xmlns:a="http://schemas.microsoft.com/2003/10/Serialization/Arrays"><a:double>0</a:double><a:double>0</a:double><a:double>0</a:double></Value></Attribute><Attribute z:Id="i73"><AttributeType>rpy</AttributeType><IsRequired>true</IsRequired><Value i:type="a:ArrayOfdouble" xmlns:a="http://schemas.microsoft.com/2003/10/Serialization/Arrays"><a:double>0</a:double><a:double>0</a:double><a:double>0</a:double></Value></Attribute></Attributes><ChildElements/><ElementName>origin</ElementName><required>false</required><RPYAttribute z:Ref="i73"/><XYZAttribute z:Ref="i72"/><isCustomized>false</isCustomized></URDFElement><URDFElement z:Id="i74" i:type="Mass"><Attributes><Attribute z:Id="i75"><AttributeType>value</AttributeType><IsRequired>true</IsRequired><Value i:type="a:double" xmlns:a="http://www.w3.org/2001/XMLSchema">0</Value></Attribute></Attributes><ChildElements/><ElementName>mass</ElementName><required>false</required><ValueAttribute z:Ref="i75"/></URDFElement><URDFElement z:Id="i76" i:type="Inertia"><Attributes><Attribute z:Id="i77"><AttributeType>ixx</AttributeType><IsRequired>true</IsRequired><Value i:type="a:double" xmlns:a="http://www.w3.org/2001/XMLSchema">0</Value></Attribute><Attribute z:Id="i78"><AttributeType>ixy</AttributeType><IsRequired>true</IsRequired><Value i:type="a:double" xmlns:a="http://www.w3.org/2001/XMLSchema">0</Value></Attribute><Attribute z:Id="i79"><AttributeType>ixz</AttributeType><IsRequired>true</IsRequired><Value i:type="a:double" xmlns:a="http://www.w3.org/2001/XMLSchema">0</Value></Attribute><Attribute z:Id="i80"><AttributeType>iyy</AttributeType><IsRequired>true</IsRequired><Value i:type="a:double" xmlns:a="http://www.w3.org/2001/XMLSchema">0</Value></Attribute><Attribute z:Id="i81"><AttributeType>iyz</AttributeType><IsRequired>true</IsRequired><Value i:type="a:double" xmlns:a="http://www.w3.org/2001/XMLSchema">0</Value></Attribute><Attribute z:Id="i82"><AttributeType>izz</AttributeType><IsRequired>true</IsRequired><Value i:type="a:double" xmlns:a="http://www.w3.org/2001/XMLSchema">0</Value></Attribute></Attributes><ChildElements/><ElementName>inertia</ElementName><required>false</required><IxxAttribute z:Ref="i77"/><IxyAttribute z:Ref="i78"/><IxzAttribute z:Ref="i79"/><IyyAttribute z:Ref="i80"/><IyzAttribute z:Ref="i81"/><IzzAttribute z:Ref="i82"/></URDFElement></ChildElements><ElementName>inertial</ElementName><required>false</required><Inertia z:Ref="i76"/><Mass z:Ref="i74"/><Origin z:Ref="i71"/></URDFElement><URDFElement z:Id="i83" i:type="Visual"><Attributes/><ChildElements><URDFElement z:Id="i84" i:type="Origin"><Attributes><Attribute z:Id="i85"><AttributeType>xyz</AttributeType><IsRequired>true</IsRequired><Value i:type="a:ArrayOfdouble" xmlns:a="http://schemas.microsoft.com/2003/10/Serialization/Arrays"><a:double>0</a:double><a:double>0</a:double><a:double>0</a:double></Value></Attribute><Attribute z:Id="i86"><AttributeType>rpy</AttributeType><IsRequired>true</IsRequired><Value i:type="a:ArrayOfdouble" xmlns:a="http://schemas.microsoft.com/2003/10/Serialization/Arrays"><a:double>0</a:double><a:double>0</a:double><a:double>0</a:double></Value></Attribute></Attributes><ChildElements/><ElementName>origin</ElementName><required>false</required><RPYAttribute z:Ref="i86"/><XYZAttribute z:Ref="i85"/><isCustomized>false</isCustomized></URDFElement><URDFElement z:Id="i87" i:type="Geometry"><Attributes/><ChildElements><URDFElement z:Id="i88" i:type="Mesh"><Attributes><Attribute z:Id="i89"><AttributeType>filename</AttributeType><IsRequired>true</IsRequired><Value i:nil="true"/></Attribute></Attributes><ChildElements/><ElementName>mesh</ElementName><required>false</required><FilenameAttribute z:Ref="i89"/></URDFElement></ChildElements><ElementName>geometry</ElementName><required>true</required><Mesh z:Ref="i88"/></URDFElement><URDFElement z:Id="i90" i:type="Material"><Attributes><Attribute z:Id="i91"><AttributeType>name</AttributeType><IsRequired>true</IsRequired><Value i:type="a:string" xmlns:a="http://www.w3.org/2001/XMLSchema"/></Attribute></Attributes><ChildElements><URDFElement z:Id="i92" i:type="Color"><Attributes><Attribute z:Id="i93"><AttributeType>rgba</AttributeType><IsRequired>true</IsRequired><Value i:type="a:ArrayOfdouble" xmlns:a="http://schemas.microsoft.com/2003/10/Serialization/Arrays"><a:double>1</a:double><a:double>1</a:double><a:double>1</a:double><a:double>1</a:double></Value></Attribute></Attributes><ChildElements/><ElementName>color</ElementName><required>false</required><RGBAAttribute z:Ref="i93"/></URDFElement><URDFElement z:Id="i94" i:type="Texture"><Attributes><Attribute z:Id="i95"><AttributeType>filename</AttributeType><IsRequired>true</IsRequired><Value i:nil="true"/></Attribute></Attributes><ChildElements/><ElementName>texture</ElementName><required>false</required><FilenameAttribute z:Ref="i95"/><wFilename/></URDFElement></ChildElements><ElementName>material</ElementName><required>false</required><Color z:Ref="i92"/><NameAttribute z:Ref="i91"/><Texture z:Ref="i94"/></URDFElement></ChildElements><ElementName>visual</ElementName><required>false</required><Geometry z:Ref="i87"/><Material z:Ref="i90"/><Origin z:Ref="i84"/></URDFElement><URDFElement z:Id="i96" i:type="Collision"><Attributes/><ChildElements><URDFElement z:Id="i97" i:type="Origin"><Attributes><Attribute z:Id="i98"><AttributeType>xyz</AttributeType><IsRequired>true</IsRequired><Value i:type="a:ArrayOfdouble" xmlns:a="http://schemas.microsoft.com/2003/10/Serialization/Arrays"><a:double>0</a:double><a:double>0</a:double><a:double>0</a:double></Value></Attribute><Attribute z:Id="i99"><AttributeType>rpy</AttributeType><IsRequired>true</IsRequired><Value i:type="a:ArrayOfdouble" xmlns:a="http://schemas.microsoft.com/2003/10/Serialization/Arrays"><a:double>0</a:double><a:double>0</a:double><a:double>0</a:double></Value></Attribute></Attributes><ChildElements/><ElementName>origin</ElementName><required>false</required><RPYAttribute z:Ref="i99"/><XYZAttribute z:Ref="i98"/><isCustomized>false</isCustomized></URDFElement><URDFElement z:Id="i100" i:type="Geometry"><Attributes/><ChildElements><URDFElement z:Id="i101" i:type="Mesh"><Attributes><Attribute z:Id="i102"><AttributeType>filename</AttributeType><IsRequired>true</IsRequired><Value i:nil="true"/></Attribute></Attributes><ChildElements/><ElementName>mesh</ElementName><required>false</required><FilenameAttribute z:Ref="i102"/></URDFElement></ChildElements><ElementName>geometry</ElementName><required>true</required><Mesh z:Ref="i101"/></URDFElement></ChildElements><ElementName>collision</ElementName><required>false</required><Geometry z:Ref="i100"/><Origin z:Ref="i97"/></URDFElement><URDFElement z:Id="i103" i:type="Joint"><Attributes><Attribute z:Id="i104"><AttributeType>name</AttributeType><IsRequired>true</IsRequired><Value i:type="a:string" xmlns:a="http://www.w3.org/2001/XMLSchema">joint1</Value></Attribute><Attribute z:Id="i105"><AttributeType>type</AttributeType><IsRequired>true</IsRequired><Value i:type="a:string" xmlns:a="http://www.w3.org/2001/XMLSchema">revolute</Value></Attribute></Attributes><ChildElements><URDFElement z:Id="i106" i:type="Origin"><Attributes><Attribute z:Id="i107"><AttributeType>xyz</AttributeType><IsRequired>true</IsRequired><Value i:type="a:ArrayOfdouble" xmlns:a="http://schemas.microsoft.com/2003/10/Serialization/Arrays"><a:double>0</a:double><a:double>0</a:double><a:double>0</a:double></Value></Attribute><Attribute z:Id="i108"><AttributeType>rpy</AttributeType><IsRequired>true</IsRequired><Value i:type="a:ArrayOfdouble" xmlns:a="http://schemas.microsoft.com/2003/10/Serialization/Arrays"><a:double>0</a:double><a:double>0</a:double><a:double>0</a:double></Value></Attribute></Attributes><ChildElements/><ElementName>origin</ElementName><required>false</required><RPYAttribute z:Ref="i108"/><XYZAttribute z:Ref="i107"/><isCustomized>false</isCustomized></URDFElement><URDFElement z:Id="i109" i:type="ParentLink"><Attributes><Attribute z:Id="i110"><AttributeType>link</AttributeType><IsRequired>true</IsRequired><Value i:type="a:string" xmlns:a="http://www.w3.org/2001/XMLSchema"/></Attribute></Attributes><ChildElements/><ElementName>parent</ElementName><required>true</required><NameAttribute z:Ref="i110"/></URDFElement><URDFElement z:Id="i111" i:type="ChildLink"><Attributes><Attribute z:Id="i112"><AttributeType>link</AttributeType><IsRequired>true</IsRequired><Value i:type="a:string" xmlns:a="http://www.w3.org/2001/XMLSchema"/></Attribute></Attributes><ChildElements/><ElementName>child</ElementName><required>true</required><NameAttribute z:Ref="i112"/></URDFElement><URDFElement z:Id="i113" i:type="Axis"><Attributes><Attribute z:Id="i114"><AttributeType>xyz</AttributeType><IsRequired>true</IsRequired><Value i:type="a:ArrayOfdouble" xmlns:a="http://schemas.microsoft.com/2003/10/Serialization/Arrays"><a:double>0</a:double><a:double>0</a:double><a:double>0</a:double></Value></Attribute></Attributes><ChildElements/><ElementName>axis</ElementName><required>false</required><XYZAttribute z:Ref="i114"/></URDFElement><URDFElement z:Id="i115" i:type="Limit"><Attributes><Attribute z:Id="i116"><AttributeType>lower</AttributeType><IsRequired>false</IsRequired><Value i:nil="true"/></Attribute><Attribute z:Id="i117"><AttributeType>upper</AttributeType><IsRequired>false</IsRequired><Value i:nil="true"/></Attribute><Attribute z:Id="i118"><AttributeType>effort</AttributeType><IsRequired>true</IsRequired><Value i:nil="true"/></Attribute><Attribute z:Id="i119"><AttributeType>velocity</AttributeType><IsRequired>true</IsRequired><Value i:nil="true"/></Attribute></Attributes><ChildElements/><ElementName>limit</ElementName><required>false</required><EffortAttribute z:Ref="i118"/><LowerAttribute z:Ref="i116"/><UpperAttribute z:Ref="i117"/><VelocityAttribute z:Ref="i119"/></URDFElement><URDFElement z:Id="i120" i:type="Calibration"><Attributes><Attribute z:Id="i121"><AttributeType>rising</AttributeType><IsRequired>false</IsRequired><Value i:nil="true"/></Attribute><Attribute z:Id="i122"><AttributeType>falling</AttributeType><IsRequired>false</IsRequired><Value i:nil="true"/></Attribute></Attributes><ChildElements/><ElementName>calibration</ElementName><required>false</required><FallingAttribute z:Ref="i122"/><RisingAttribute z:Ref="i121"/></URDFElement><URDFElement z:Id="i123" i:type="Dynamics"><Attributes><Attribute z:Id="i124"><AttributeType>damping</AttributeType><IsRequired>false</IsRequired><Value i:nil="true"/></Attribute><Attribute z:Id="i125"><AttributeType>friction</AttributeType><IsRequired>false</IsRequired><Value i:nil="true"/></Attribute></Attributes><ChildElements/><ElementName>dynamics</ElementName><required>false</required><DampingAttribute z:Ref="i124"/><FrictionAttribute z:Ref="i125"/></URDFElement><URDFElement z:Id="i126" i:type="SafetyController"><Attributes><Attribute z:Id="i127"><AttributeType>soft_upper_limit</AttributeType><IsRequired>false</IsRequired><Value i:nil="true"/></Attribute><Attribute z:Id="i128"><AttributeType>soft_lower_limit</AttributeType><IsRequired>false</IsRequired><Value i:nil="true"/></Attribute><Attribute z:Id="i129"><AttributeType>k_position</AttributeType><IsRequired>false</IsRequired><Value i:nil="true"/></Attribute><Attribute z:Id="i130"><AttributeType>k_velocity</AttributeType><IsRequired>true</IsRequired><Value i:nil="true"/></Attribute></Attributes><ChildElements/><ElementName>safety_controller</ElementName><required>false</required><KPositionAttribute z:Ref="i129"/><KVelocityAttribute z:Ref="i130"/><SoftLowerAttribute z:Ref="i128"/><SoftUpperAttribute z:Ref="i127"/></URDFElement><URDFElement z:Id="i131" i:type="Mimic"><Attributes><Attribute z:Id="i132"><AttributeType>joint</AttributeType><IsRequired>true</IsRequired><Value i:nil="true"/></Attribute><Attribute z:Id="i133"><AttributeType>multiplier</AttributeType><IsRequired>false</IsRequired><Value i:nil="true"/></Attribute><Attribute z:Id="i134"><AttributeType>offset</AttributeType><IsRequired>false</IsRequired><Value i:nil="true"/></Attribute></Attributes><ChildElements/><ElementName>mimic</ElementName><required>false</required><JointNameAttribute z:Ref="i132"/><MultiplierAttribute z:Ref="i133"/><OffsetAttribute z:Ref="i134"/></URDFElement></ChildElements><ElementName>joint</ElementName><required>false</required><Axis z:Ref="i113"/><AxisName>?????????1</AxisName><Calibration z:Ref="i120"/><Child z:Ref="i111"/><CoordinateSystemName>Automatically Generate</CoordinateSystemName><Dynamics z:Ref="i123"/><Limit z:Ref="i115"/><Mimic z:Ref="i131"/><NameAttribute z:Ref="i104"/><Origin z:Ref="i106"/><Parent z:Ref="i109"/><Safety z:Ref="i126"/><TypeAttribute z:Ref="i105"/></URDFElement></ChildElements><ElementName>link</ElementName><required>true</required><Children><Link z:Id="i135"><Attributes><Attribute z:Id="i136"><AttributeType>name</AttributeType><IsRequired>true</IsRequired><Value i:type="a:string" xmlns:a="http://www.w3.org/2001/XMLSchema">Link2</Value></Attribute></Attributes><ChildElements><URDFElement z:Id="i137" i:type="Inertial"><Attributes/><ChildElements><URDFElement z:Id="i138" i:type="Origin"><Attributes><Attribute z:Id="i139"><AttributeType>xyz</AttributeType><IsRequired>true</IsRequired><Value i:type="a:ArrayOfdouble" xmlns:a="http://schemas.microsoft.com/2003/10/Serialization/Arrays"><a:double>0</a:double><a:double>0</a:double><a:double>0</a:double></Value></Attribute><Attribute z:Id="i140"><AttributeType>rpy</AttributeType><IsRequired>true</IsRequired><Value i:type="a:ArrayOfdouble" xmlns:a="http://schemas.microsoft.com/2003/10/Serialization/Arrays"><a:double>0</a:double><a:double>0</a:double><a:double>0</a:double></Value></Attribute></Attributes><ChildElements/><ElementName>origin</ElementName><required>false</required><RPYAttribute z:Ref="i140"/><XYZAttribute z:Ref="i139"/><isCustomized>false</isCustomized></URDFElement><URDFElement z:Id="i141" i:type="Mass"><Attributes><Attribute z:Id="i142"><AttributeType>value</AttributeType><IsRequired>true</IsRequired><Value i:type="a:double" xmlns:a="http://www.w3.org/2001/XMLSchema">0</Value></Attribute></Attributes><ChildElements/><ElementName>mass</ElementName><required>false</required><ValueAttribute z:Ref="i142"/></URDFElement><URDFElement z:Id="i143" i:type="Inertia"><Attributes><Attribute z:Id="i144"><AttributeType>ixx</AttributeType><IsRequired>true</IsRequired><Value i:type="a:double" xmlns:a="http://www.w3.org/2001/XMLSchema">0</Value></Attribute><Attribute z:Id="i145"><AttributeType>ixy</AttributeType><IsRequired>true</IsRequired><Value i:type="a:double" xmlns:a="http://www.w3.org/2001/XMLSchema">0</Value></Attribute><Attribute z:Id="i146"><AttributeType>ixz</AttributeType><IsRequired>true</IsRequired><Value i:type="a:double" xmlns:a="http://www.w3.org/2001/XMLSchema">0</Value></Attribute><Attribute z:Id="i147"><AttributeType>iyy</AttributeType><IsRequired>true</IsRequired><Value i:type="a:double" xmlns:a="http://www.w3.org/2001/XMLSchema">0</Value></Attribute><Attribute z:Id="i148"><AttributeType>iyz</AttributeType><IsRequired>true</IsRequired><Value i:type="a:double" xmlns:a="http://www.w3.org/2001/XMLSchema">0</Value></Attribute><Attribute z:Id="i149"><AttributeType>izz</AttributeType><IsRequired>true</IsRequired><Value i:type="a:double" xmlns:a="http://www.w3.org/2001/XMLSchema">0</Value></Attribute></Attributes><ChildElements/><ElementName>inertia</ElementName><required>false</required><IxxAttribute z:Ref="i144"/><IxyAttribute z:Ref="i145"/><IxzAttribute z:Ref="i146"/><IyyAttribute z:Ref="i147"/><IyzAttribute z:Ref="i148"/><IzzAttribute z:Ref="i149"/></URDFElement></ChildElements><ElementName>inertial</ElementName><required>false</required><Inertia z:Ref="i143"/><Mass z:Ref="i141"/><Origin z:Ref="i138"/></URDFElement><URDFElement z:Id="i150" i:type="Visual"><Attributes/><ChildElements><URDFElement z:Id="i151" i:type="Origin"><Attributes><Attribute z:Id="i152"><AttributeType>xyz</AttributeType><IsRequired>true</IsRequired><Value i:type="a:ArrayOfdouble" xmlns:a="http://schemas.microsoft.com/2003/10/Serialization/Arrays"><a:double>0</a:double><a:double>0</a:double><a:double>0</a:double></Value></Attribute><Attribute z:Id="i153"><AttributeType>rpy</AttributeType><IsRequired>true</IsRequired><Value i:type="a:ArrayOfdouble" xmlns:a="http://schemas.microsoft.com/2003/10/Serialization/Arrays"><a:double>0</a:double><a:double>0</a:double><a:double>0</a:double></Value></Attribute></Attributes><ChildElements/><ElementName>origin</ElementName><required>false</required><RPYAttribute z:Ref="i153"/><XYZAttribute z:Ref="i152"/><isCustomized>false</isCustomized></URDFElement><URDFElement z:Id="i154" i:type="Geometry"><Attributes/><ChildElements><URDFElement z:Id="i155" i:type="Mesh"><Attributes><Attribute z:Id="i156"><AttributeType>filename</AttributeType><IsRequired>true</IsRequired><Value i:nil="true"/></Attribute></Attributes><ChildElements/><ElementName>mesh</ElementName><required>false</required><FilenameAttribute z:Ref="i156"/></URDFElement></ChildElements><ElementName>geometry</ElementName><required>true</required><Mesh z:Ref="i155"/></URDFElement><URDFElement z:Id="i157" i:type="Material"><Attributes><Attribute z:Id="i158"><AttributeType>name</AttributeType><IsRequired>true</IsRequired><Value i:type="a:string" xmlns:a="http://www.w3.org/2001/XMLSchema"/></Attribute></Attributes><ChildElements><URDFElement z:Id="i159" i:type="Color"><Attributes><Attribute z:Id="i160"><AttributeType>rgba</AttributeType><IsRequired>true</IsRequired><Value i:type="a:ArrayOfdouble" xmlns:a="http://schemas.microsoft.com/2003/10/Serialization/Arrays"><a:double>1</a:double><a:double>1</a:double><a:double>1</a:double><a:double>1</a:double></Value></Attribute></Attributes><ChildElements/><ElementName>color</ElementName><required>false</required><RGBAAttribute z:Ref="i160"/></URDFElement><URDFElement z:Id="i161" i:type="Texture"><Attributes><Attribute z:Id="i162"><AttributeType>filename</AttributeType><IsRequired>true</IsRequired><Value i:nil="true"/></Attribute></Attributes><ChildElements/><ElementName>texture</ElementName><required>false</required><FilenameAttribute z:Ref="i162"/><wFilename/></URDFElement></ChildElements><ElementName>material</ElementName><required>false</required><Color z:Ref="i159"/><NameAttribute z:Ref="i158"/><Texture z:Ref="i161"/></URDFElement></ChildElements><ElementName>visual</ElementName><required>false</required><Geometry z:Ref="i154"/><Material z:Ref="i157"/><Origin z:Ref="i151"/></URDFElement><URDFElement z:Id="i163" i:type="Collision"><Attributes/><ChildElements><URDFElement z:Id="i164" i:type="Origin"><Attributes><Attribute z:Id="i165"><AttributeType>xyz</AttributeType><IsRequired>true</IsRequired><Value i:type="a:ArrayOfdouble" xmlns:a="http://schemas.microsoft.com/2003/10/Serialization/Arrays"><a:double>0</a:double><a:double>0</a:double><a:double>0</a:double></Value></Attribute><Attribute z:Id="i166"><AttributeType>rpy</AttributeType><IsRequired>true</IsRequired><Value i:type="a:ArrayOfdouble" xmlns:a="http://schemas.microsoft.com/2003/10/Serialization/Arrays"><a:double>0</a:double><a:double>0</a:double><a:double>0</a:double></Value></Attribute></Attributes><ChildElements/><ElementName>origin</ElementName><required>false</required><RPYAttribute z:Ref="i166"/><XYZAttribute z:Ref="i165"/><isCustomized>false</isCustomized></URDFElement><URDFElement z:Id="i167" i:type="Geometry"><Attributes/><ChildElements><URDFElement z:Id="i168" i:type="Mesh"><Attributes><Attribute z:Id="i169"><AttributeType>filename</AttributeType><IsRequired>true</IsRequired><Value i:nil="true"/></Attribute></Attributes><ChildElements/><ElementName>mesh</ElementName><required>false</required><FilenameAttribute z:Ref="i169"/></URDFElement></ChildElements><ElementName>geometry</ElementName><required>true</required><Mesh z:Ref="i168"/></URDFElement></ChildElements><ElementName>collision</ElementName><required>false</required><Geometry z:Ref="i167"/><Origin z:Ref="i164"/></URDFElement><URDFElement z:Id="i170" i:type="Joint"><Attributes><Attribute z:Id="i171"><AttributeType>name</AttributeType><IsRequired>true</IsRequired><Value i:type="a:string" xmlns:a="http://www.w3.org/2001/XMLSchema">joint2</Value></Attribute><Attribute z:Id="i172"><AttributeType>type</AttributeType><IsRequired>true</IsRequired><Value i:type="a:string" xmlns:a="http://www.w3.org/2001/XMLSchema">revolute</Value></Attribute></Attributes><ChildElements><URDFElement z:Id="i173" i:type="Origin"><Attributes><Attribute z:Id="i174"><AttributeType>xyz</AttributeType><IsRequired>true</IsRequired><Value i:type="a:ArrayOfdouble" xmlns:a="http://schemas.microsoft.com/2003/10/Serialization/Arrays"><a:double>0</a:double><a:double>0</a:double><a:double>0</a:double></Value></Attribute><Attribute z:Id="i175"><AttributeType>rpy</AttributeType><IsRequired>true</IsRequired><Value i:type="a:ArrayOfdouble" xmlns:a="http://schemas.microsoft.com/2003/10/Serialization/Arrays"><a:double>0</a:double><a:double>0</a:double><a:double>0</a:double></Value></Attribute></Attributes><ChildElements/><ElementName>origin</ElementName><required>false</required><RPYAttribute z:Ref="i175"/><XYZAttribute z:Ref="i174"/><isCustomized>false</isCustomized></URDFElement><URDFElement z:Id="i176" i:type="ParentLink"><Attributes><Attribute z:Id="i177"><AttributeType>link</AttributeType><IsRequired>true</IsRequired><Value i:type="a:string" xmlns:a="http://www.w3.org/2001/XMLSchema"/></Attribute></Attributes><ChildElements/><ElementName>parent</ElementName><required>true</required><NameAttribute z:Ref="i177"/></URDFElement><URDFElement z:Id="i178" i:type="ChildLink"><Attributes><Attribute z:Id="i179"><AttributeType>link</AttributeType><IsRequired>true</IsRequired><Value i:type="a:string" xmlns:a="http://www.w3.org/2001/XMLSchema"/></Attribute></Attributes><ChildElements/><ElementName>child</ElementName><required>true</required><NameAttribute z:Ref="i179"/></URDFElement><URDFElement z:Id="i180" i:type="Axis"><Attributes><Attribute z:Id="i181"><AttributeType>xyz</AttributeType><IsRequired>true</IsRequired><Value i:type="a:ArrayOfdouble" xmlns:a="http://schemas.microsoft.com/2003/10/Serialization/Arrays"><a:double>0</a:double><a:double>0</a:double><a:double>0</a:double></Value></Attribute></Attributes><ChildElements/><ElementName>axis</ElementName><required>false</required><XYZAttribute z:Ref="i181"/></URDFElement><URDFElement z:Id="i182" i:type="Limit"><Attributes><Attribute z:Id="i183"><AttributeType>lower</AttributeType><IsRequired>false</IsRequired><Value i:nil="true"/></Attribute><Attribute z:Id="i184"><AttributeType>upper</AttributeType><IsRequired>false</IsRequired><Value i:nil="true"/></Attribute><Attribute z:Id="i185"><AttributeType>effort</AttributeType><IsRequired>true</IsRequired><Value i:nil="true"/></Attribute><Attribute z:Id="i186"><AttributeType>velocity</AttributeType><IsRequired>true</IsRequired><Value i:nil="true"/></Attribute></Attributes><ChildElements/><ElementName>limit</ElementName><required>false</required><EffortAttribute z:Ref="i185"/><LowerAttribute z:Ref="i183"/><UpperAttribute z:Ref="i184"/><VelocityAttribute z:Ref="i186"/></URDFElement><URDFElement z:Id="i187" i:type="Calibration"><Attributes><Attribute z:Id="i188"><AttributeType>rising</AttributeType><IsRequired>false</IsRequired><Value i:nil="true"/></Attribute><Attribute z:Id="i189"><AttributeType>falling</AttributeType><IsRequired>false</IsRequired><Value i:nil="true"/></Attribute></Attributes><ChildElements/><ElementName>calibration</ElementName><required>false</required><FallingAttribute z:Ref="i189"/><RisingAttribute z:Ref="i188"/></URDFElement><URDFElement z:Id="i190" i:type="Dynamics"><Attributes><Attribute z:Id="i191"><AttributeType>damping</AttributeType><IsRequired>false</IsRequired><Value i:nil="true"/></Attribute><Attribute z:Id="i192"><AttributeType>friction</AttributeType><IsRequired>false</IsRequired><Value i:nil="true"/></Attribute></Attributes><ChildElements/><ElementName>dynamics</ElementName><required>false</required><DampingAttribute z:Ref="i191"/><FrictionAttribute z:Ref="i192"/></URDFElement><URDFElement z:Id="i193" i:type="SafetyController"><Attributes><Attribute z:Id="i194"><AttributeType>soft_upper_limit</AttributeType><IsRequired>false</IsRequired><Value i:nil="true"/></Attribute><Attribute z:Id="i195"><AttributeType>soft_lower_limit</AttributeType><IsRequired>false</IsRequired><Value i:nil="true"/></Attribute><Attribute z:Id="i196"><AttributeType>k_position</AttributeType><IsRequired>false</IsRequired><Value i:nil="true"/></Attribute><Attribute z:Id="i197"><AttributeType>k_velocity</AttributeType><IsRequired>true</IsRequired><Value i:nil="true"/></Attribute></Attributes><ChildElements/><ElementName>safety_controller</ElementName><required>false</required><KPositionAttribute z:Ref="i196"/><KVelocityAttribute z:Ref="i197"/><SoftLowerAttribute z:Ref="i195"/><SoftUpperAttribute z:Ref="i194"/></URDFElement><URDFElement z:Id="i198" i:type="Mimic"><Attributes><Attribute z:Id="i199"><AttributeType>joint</AttributeType><IsRequired>true</IsRequired><Value i:nil="true"/></Attribute><Attribute z:Id="i200"><AttributeType>multiplier</AttributeType><IsRequired>false</IsRequired><Value i:nil="true"/></Attribute><Attribute z:Id="i201"><AttributeType>offset</AttributeType><IsRequired>false</IsRequired><Value i:nil="true"/></Attribute></Attributes><ChildElements/><ElementName>mimic</ElementName><required>false</required><JointNameAttribute z:Ref="i199"/><MultiplierAttribute z:Ref="i200"/><OffsetAttribute z:Ref="i201"/></URDFElement></ChildElements><ElementName>joint</ElementName><required>false</required><Axis z:Ref="i180"/><AxisName>?????????2</AxisName><Calibration z:Ref="i187"/><Child z:Ref="i178"/><CoordinateSystemName>Automatically Generate</CoordinateSystemName><Dynamics z:Ref="i190"/><Limit z:Ref="i182"/><Mimic z:Ref="i198"/><NameAttribute z:Ref="i171"/><Origin z:Ref="i173"/><Parent z:Ref="i176"/><Safety z:Ref="i193"/><TypeAttribute z:Ref="i172"/></URDFElement></ChildElements><ElementName>link</ElementName><required>true</required><Children><Link z:Id="i202"><Attributes><Attribute z:Id="i203"><AttributeType>name</AttributeType><IsRequired>true</IsRequired><Value i:type="a:string" xmlns:a="http://www.w3.org/2001/XMLSchema">Link3</Value></Attribute></Attributes><ChildElements><URDFElement z:Id="i204" i:type="Inertial"><Attributes/><ChildElements><URDFElement z:Id="i205" i:type="Origin"><Attributes><Attribute z:Id="i206"><AttributeType>xyz</AttributeType><IsRequired>true</IsRequired><Value i:type="a:ArrayOfdouble" xmlns:a="http://schemas.microsoft.com/2003/10/Serialization/Arrays"><a:double>0</a:double><a:double>0</a:double><a:double>0</a:double></Value></Attribute><Attribute z:Id="i207"><AttributeType>rpy</AttributeType><IsRequired>true</IsRequired><Value i:type="a:ArrayOfdouble" xmlns:a="http://schemas.microsoft.com/2003/10/Serialization/Arrays"><a:double>0</a:double><a:double>0</a:double><a:double>0</a:double></Value></Attribute></Attributes><ChildElements/><ElementName>origin</ElementName><required>false</required><RPYAttribute z:Ref="i207"/><XYZAttribute z:Ref="i206"/><isCustomized>false</isCustomized></URDFElement><URDFElement z:Id="i208" i:type="Mass"><Attributes><Attribute z:Id="i209"><AttributeType>value</AttributeType><IsRequired>true</IsRequired><Value i:type="a:double" xmlns:a="http://www.w3.org/2001/XMLSchema">0</Value></Attribute></Attributes><ChildElements/><ElementName>mass</ElementName><required>false</required><ValueAttribute z:Ref="i209"/></URDFElement><URDFElement z:Id="i210" i:type="Inertia"><Attributes><Attribute z:Id="i211"><AttributeType>ixx</AttributeType><IsRequired>true</IsRequired><Value i:type="a:double" xmlns:a="http://www.w3.org/2001/XMLSchema">0</Value></Attribute><Attribute z:Id="i212"><AttributeType>ixy</AttributeType><IsRequired>true</IsRequired><Value i:type="a:double" xmlns:a="http://www.w3.org/2001/XMLSchema">0</Value></Attribute><Attribute z:Id="i213"><AttributeType>ixz</AttributeType><IsRequired>true</IsRequired><Value i:type="a:double" xmlns:a="http://www.w3.org/2001/XMLSchema">0</Value></Attribute><Attribute z:Id="i214"><AttributeType>iyy</AttributeType><IsRequired>true</IsRequired><Value i:type="a:double" xmlns:a="http://www.w3.org/2001/XMLSchema">0</Value></Attribute><Attribute z:Id="i215"><AttributeType>iyz</AttributeType><IsRequired>true</IsRequired><Value i:type="a:double" xmlns:a="http://www.w3.org/2001/XMLSchema">0</Value></Attribute><Attribute z:Id="i216"><AttributeType>izz</AttributeType><IsRequired>true</IsRequired><Value i:type="a:double" xmlns:a="http://www.w3.org/2001/XMLSchema">0</Value></Attribute></Attributes><ChildElements/><ElementName>inertia</ElementName><required>false</required><IxxAttribute z:Ref="i211"/><IxyAttribute z:Ref="i212"/><IxzAttribute z:Ref="i213"/><IyyAttribute z:Ref="i214"/><IyzAttribute z:Ref="i215"/><IzzAttribute z:Ref="i216"/></URDFElement></ChildElements><ElementName>inertial</ElementName><required>false</required><Inertia z:Ref="i210"/><Mass z:Ref="i208"/><Origin z:Ref="i205"/></URDFElement><URDFElement z:Id="i217" i:type="Visual"><Attributes/><ChildElements><URDFElement z:Id="i218" i:type="Origin"><Attributes><Attribute z:Id="i219"><AttributeType>xyz</AttributeType><IsRequired>true</IsRequired><Value i:type="a:ArrayOfdouble" xmlns:a="http://schemas.microsoft.com/2003/10/Serialization/Arrays"><a:double>0</a:double><a:double>0</a:double><a:double>0</a:double></Value></Attribute><Attribute z:Id="i220"><AttributeType>rpy</AttributeType><IsRequired>true</IsRequired><Value i:type="a:ArrayOfdouble" xmlns:a="http://schemas.microsoft.com/2003/10/Serialization/Arrays"><a:double>0</a:double><a:double>0</a:double><a:double>0</a:double></Value></Attribute></Attributes><ChildElements/><ElementName>origin</ElementName><required>false</required><RPYAttribute z:Ref="i220"/><XYZAttribute z:Ref="i219"/><isCustomized>false</isCustomized></URDFElement><URDFElement z:Id="i221" i:type="Geometry"><Attributes/><ChildElements><URDFElement z:Id="i222" i:type="Mesh"><Attributes><Attribute z:Id="i223"><AttributeType>filename</AttributeType><IsRequired>true</IsRequired><Value i:nil="true"/></Attribute></Attributes><ChildElements/><ElementName>mesh</ElementName><required>false</required><FilenameAttribute z:Ref="i223"/></URDFElement></ChildElements><ElementName>geometry</ElementName><required>true</required><Mesh z:Ref="i222"/></URDFElement><URDFElement z:Id="i224" i:type="Material"><Attributes><Attribute z:Id="i225"><AttributeType>name</AttributeType><IsRequired>true</IsRequired><Value i:type="a:string" xmlns:a="http://www.w3.org/2001/XMLSchema"/></Attribute></Attributes><ChildElements><URDFElement z:Id="i226" i:type="Color"><Attributes><Attribute z:Id="i227"><AttributeType>rgba</AttributeType><IsRequired>true</IsRequired><Value i:type="a:ArrayOfdouble" xmlns:a="http://schemas.microsoft.com/2003/10/Serialization/Arrays"><a:double>1</a:double><a:double>1</a:double><a:double>1</a:double><a:double>1</a:double></Value></Attribute></Attributes><ChildElements/><ElementName>color</ElementName><required>false</required><RGBAAttribute z:Ref="i227"/></URDFElement><URDFElement z:Id="i228" i:type="Texture"><Attributes><Attribute z:Id="i229"><AttributeType>filename</AttributeType><IsRequired>true</IsRequired><Value i:nil="true"/></Attribute></Attributes><ChildElements/><ElementName>texture</ElementName><required>false</required><FilenameAttribute z:Ref="i229"/><wFilename/></URDFElement></ChildElements><ElementName>material</ElementName><required>false</required><Color z:Ref="i226"/><NameAttribute z:Ref="i225"/><Texture z:Ref="i228"/></URDFElement></ChildElements><ElementName>visual</ElementName><required>false</required><Geometry z:Ref="i221"/><Material z:Ref="i224"/><Origin z:Ref="i218"/></URDFElement><URDFElement z:Id="i230" i:type="Collision"><Attributes/><ChildElements><URDFElement z:Id="i231" i:type="Origin"><Attributes><Attribute z:Id="i232"><AttributeType>xyz</AttributeType><IsRequired>true</IsRequired><Value i:type="a:ArrayOfdouble" xmlns:a="http://schemas.microsoft.com/2003/10/Serialization/Arrays"><a:double>0</a:double><a:double>0</a:double><a:double>0</a:double></Value></Attribute><Attribute z:Id="i233"><AttributeType>rpy</AttributeType><IsRequired>true</IsRequired><Value i:type="a:ArrayOfdouble" xmlns:a="http://schemas.microsoft.com/2003/10/Serialization/Arrays"><a:double>0</a:double><a:double>0</a:double><a:double>0</a:double></Value></Attribute></Attributes><ChildElements/><ElementName>origin</ElementName><required>false</required><RPYAttribute z:Ref="i233"/><XYZAttribute z:Ref="i232"/><isCustomized>false</isCustomized></URDFElement><URDFElement z:Id="i234" i:type="Geometry"><Attributes/><ChildElements><URDFElement z:Id="i235" i:type="Mesh"><Attributes><Attribute z:Id="i236"><AttributeType>filename</AttributeType><IsRequired>true</IsRequired><Value i:nil="true"/></Attribute></Attributes><ChildElements/><ElementName>mesh</ElementName><required>false</required><FilenameAttribute z:Ref="i236"/></URDFElement></ChildElements><ElementName>geometry</ElementName><required>true</required><Mesh z:Ref="i235"/></URDFElement></ChildElements><ElementName>collision</ElementName><required>false</required><Geometry z:Ref="i234"/><Origin z:Ref="i231"/></URDFElement><URDFElement z:Id="i237" i:type="Joint"><Attributes><Attribute z:Id="i238"><AttributeType>name</AttributeType><IsRequired>true</IsRequired><Value i:type="a:string" xmlns:a="http://www.w3.org/2001/XMLSchema">joint3</Value></Attribute><Attribute z:Id="i239"><AttributeType>type</AttributeType><IsRequired>true</IsRequired><Value i:type="a:string" xmlns:a="http://www.w3.org/2001/XMLSchema">revolute</Value></Attribute></Attributes><ChildElements><URDFElement z:Id="i240" i:type="Origin"><Attributes><Attribute z:Id="i241"><AttributeType>xyz</AttributeType><IsRequired>true</IsRequired><Value i:type="a:ArrayOfdouble" xmlns:a="http://schemas.microsoft.com/2003/10/Serialization/Arrays"><a:double>0</a:double><a:double>0</a:double><a:double>0</a:double></Value></Attribute><Attribute z:Id="i242"><AttributeType>rpy</AttributeType><IsRequired>true</IsRequired><Value i:type="a:ArrayOfdouble" xmlns:a="http://schemas.microsoft.com/2003/10/Serialization/Arrays"><a:double>0</a:double><a:double>0</a:double><a:double>0</a:double></Value></Attribute></Attributes><ChildElements/><ElementName>origin</ElementName><required>false</required><RPYAttribute z:Ref="i242"/><XYZAttribute z:Ref="i241"/><isCustomized>false</isCustomized></URDFElement><URDFElement z:Id="i243" i:type="ParentLink"><Attributes><Attribute z:Id="i244"><AttributeType>link</AttributeType><IsRequired>true</IsRequired><Value i:type="a:string" xmlns:a="http://www.w3.org/2001/XMLSchema"/></Attribute></Attributes><ChildElements/><ElementName>parent</ElementName><required>true</required><NameAttribute z:Ref="i244"/></URDFElement><URDFElement z:Id="i245" i:type="ChildLink"><Attributes><Attribute z:Id="i246"><AttributeType>link</AttributeType><IsRequired>true</IsRequired><Value i:type="a:string" xmlns:a="http://www.w3.org/2001/XMLSchema"/></Attribute></Attributes><ChildElements/><ElementName>child</ElementName><required>true</required><NameAttribute z:Ref="i246"/></URDFElement><URDFElement z:Id="i247" i:type="Axis"><Attributes><Attribute z:Id="i248"><AttributeType>xyz</AttributeType><IsRequired>true</IsRequired><Value i:type="a:ArrayOfdouble" xmlns:a="http://schemas.microsoft.com/2003/10/Serialization/Arrays"><a:double>0</a:double><a:double>0</a:double><a:double>0</a:double></Value></Attribute></Attributes><ChildElements/><ElementName>axis</ElementName><required>false</required><XYZAttribute z:Ref="i248"/></URDFElement><URDFElement z:Id="i249" i:type="Limit"><Attributes><Attribute z:Id="i250"><AttributeType>lower</AttributeType><IsRequired>false</IsRequired><Value i:nil="true"/></Attribute><Attribute z:Id="i251"><AttributeType>upper</AttributeType><IsRequired>false</IsRequired><Value i:nil="true"/></Attribute><Attribute z:Id="i252"><AttributeType>effort</AttributeType><IsRequired>true</IsRequired><Value i:nil="true"/></Attribute><Attribute z:Id="i253"><AttributeType>velocity</AttributeType><IsRequired>true</IsRequired><Value i:nil="true"/></Attribute></Attributes><ChildElements/><ElementName>limit</ElementName><required>false</required><EffortAttribute z:Ref="i252"/><LowerAttribute z:Ref="i250"/><UpperAttribute z:Ref="i251"/><VelocityAttribute z:Ref="i253"/></URDFElement><URDFElement z:Id="i254" i:type="Calibration"><Attributes><Attribute z:Id="i255"><AttributeType>rising</AttributeType><IsRequired>false</IsRequired><Value i:nil="true"/></Attribute><Attribute z:Id="i256"><AttributeType>falling</AttributeType><IsRequired>false</IsRequired><Value i:nil="true"/></Attribute></Attributes><ChildElements/><ElementName>calibration</ElementName><required>false</required><FallingAttribute z:Ref="i256"/><RisingAttribute z:Ref="i255"/></URDFElement><URDFElement z:Id="i257" i:type="Dynamics"><Attributes><Attribute z:Id="i258"><AttributeType>damping</AttributeType><IsRequired>false</IsRequired><Value i:nil="true"/></Attribute><Attribute z:Id="i259"><AttributeType>friction</AttributeType><IsRequired>false</IsRequired><Value i:nil="true"/></Attribute></Attributes><ChildElements/><ElementName>dynamics</ElementName><required>false</required><DampingAttribute z:Ref="i258"/><FrictionAttribute z:Ref="i259"/></URDFElement><URDFElement z:Id="i260" i:type="SafetyController"><Attributes><Attribute z:Id="i261"><AttributeType>soft_upper_limit</AttributeType><IsRequired>false</IsRequired><Value i:nil="true"/></Attribute><Attribute z:Id="i262"><AttributeType>soft_lower_limit</AttributeType><IsRequired>false</IsRequired><Value i:nil="true"/></Attribute><Attribute z:Id="i263"><AttributeType>k_position</AttributeType><IsRequired>false</IsRequired><Value i:nil="true"/></Attribute><Attribute z:Id="i264"><AttributeType>k_velocity</AttributeType><IsRequired>true</IsRequired><Value i:nil="true"/></Attribute></Attributes><ChildElements/><ElementName>safety_controller</ElementName><required>false</required><KPositionAttribute z:Ref="i263"/><KVelocityAttribute z:Ref="i264"/><SoftLowerAttribute z:Ref="i262"/><SoftUpperAttribute z:Ref="i261"/></URDFElement><URDFElement z:Id="i265" i:type="Mimic"><Attributes><Attribute z:Id="i266"><AttributeType>joint</AttributeType><IsRequired>true</IsRequired><Value i:nil="true"/></Attribute><Attribute z:Id="i267"><AttributeType>multiplier</AttributeType><IsRequired>false</IsRequired><Value i:nil="true"/></Attribute><Attribute z:Id="i268"><AttributeType>offset</AttributeType><IsRequired>false</IsRequired><Value i:nil="true"/></Attribute></Attributes><ChildElements/><ElementName>mimic</ElementName><required>false</required><JointNameAttribute z:Ref="i266"/><MultiplierAttribute z:Ref="i267"/><OffsetAttribute z:Ref="i268"/></URDFElement></ChildElements><ElementName>joint</ElementName><required>false</required><Axis z:Ref="i247"/><AxisName>?????????3</AxisName><Calibration z:Ref="i254"/><Child z:Ref="i245"/><CoordinateSystemName>Automatically Generate</CoordinateSystemName><Dynamics z:Ref="i257"/><Limit z:Ref="i249"/><Mimic z:Ref="i265"/><NameAttribute z:Ref="i238"/><Origin z:Ref="i240"/><Parent z:Ref="i243"/><Safety z:Ref="i260"/><TypeAttribute z:Ref="i239"/></URDFElement></ChildElements><ElementName>link</ElementName><required>true</required><Children><Link z:Id="i269"><Attributes><Attribute z:Id="i270"><AttributeType>name</AttributeType><IsRequired>true</IsRequired><Value i:type="a:string" xmlns:a="http://www.w3.org/2001/XMLSchema">Link4</Value></Attribute></Attributes><ChildElements><URDFElement z:Id="i271" i:type="Inertial"><Attributes/><ChildElements><URDFElement z:Id="i272" i:type="Origin"><Attributes><Attribute z:Id="i273"><AttributeType>xyz</AttributeType><IsRequired>true</IsRequired><Value i:type="a:ArrayOfdouble" xmlns:a="http://schemas.microsoft.com/2003/10/Serialization/Arrays"><a:double>0</a:double><a:double>0</a:double><a:double>0</a:double></Value></Attribute><Attribute z:Id="i274"><AttributeType>rpy</AttributeType><IsRequired>true</IsRequired><Value i:type="a:ArrayOfdouble" xmlns:a="http://schemas.microsoft.com/2003/10/Serialization/Arrays"><a:double>0</a:double><a:double>0</a:double><a:double>0</a:double></Value></Attribute></Attributes><ChildElements/><ElementName>origin</ElementName><required>false</required><RPYAttribute z:Ref="i274"/><XYZAttribute z:Ref="i273"/><isCustomized>false</isCustomized></URDFElement><URDFElement z:Id="i275" i:type="Mass"><Attributes><Attribute z:Id="i276"><AttributeType>value</AttributeType><IsRequired>true</IsRequired><Value i:type="a:double" xmlns:a="http://www.w3.org/2001/XMLSchema">0</Value></Attribute></Attributes><ChildElements/><ElementName>mass</ElementName><required>false</required><ValueAttribute z:Ref="i276"/></URDFElement><URDFElement z:Id="i277" i:type="Inertia"><Attributes><Attribute z:Id="i278"><AttributeType>ixx</AttributeType><IsRequired>true</IsRequired><Value i:type="a:double" xmlns:a="http://www.w3.org/2001/XMLSchema">0</Value></Attribute><Attribute z:Id="i279"><AttributeType>ixy</AttributeType><IsRequired>true</IsRequired><Value i:type="a:double" xmlns:a="http://www.w3.org/2001/XMLSchema">0</Value></Attribute><Attribute z:Id="i280"><AttributeType>ixz</AttributeType><IsRequired>true</IsRequired><Value i:type="a:double" xmlns:a="http://www.w3.org/2001/XMLSchema">0</Value></Attribute><Attribute z:Id="i281"><AttributeType>iyy</AttributeType><IsRequired>true</IsRequired><Value i:type="a:double" xmlns:a="http://www.w3.org/2001/XMLSchema">0</Value></Attribute><Attribute z:Id="i282"><AttributeType>iyz</AttributeType><IsRequired>true</IsRequired><Value i:type="a:double" xmlns:a="http://www.w3.org/2001/XMLSchema">0</Value></Attribute><Attribute z:Id="i283"><AttributeType>izz</AttributeType><IsRequired>true</IsRequired><Value i:type="a:double" xmlns:a="http://www.w3.org/2001/XMLSchema">0</Value></Attribute></Attributes><ChildElements/><ElementName>inertia</ElementName><required>false</required><IxxAttribute z:Ref="i278"/><IxyAttribute z:Ref="i279"/><IxzAttribute z:Ref="i280"/><IyyAttribute z:Ref="i281"/><IyzAttribute z:Ref="i282"/><IzzAttribute z:Ref="i283"/></URDFElement></ChildElements><ElementName>inertial</ElementName><required>false</required><Inertia z:Ref="i277"/><Mass z:Ref="i275"/><Origin z:Ref="i272"/></URDFElement><URDFElement z:Id="i284" i:type="Visual"><Attributes/><ChildElements><URDFElement z:Id="i285" i:type="Origin"><Attributes><Attribute z:Id="i286"><AttributeType>xyz</AttributeType><IsRequired>true</IsRequired><Value i:type="a:ArrayOfdouble" xmlns:a="http://schemas.microsoft.com/2003/10/Serialization/Arrays"><a:double>0</a:double><a:double>0</a:double><a:double>0</a:double></Value></Attribute><Attribute z:Id="i287"><AttributeType>rpy</AttributeType><IsRequired>true</IsRequired><Value i:type="a:ArrayOfdouble" xmlns:a="http://schemas.microsoft.com/2003/10/Serialization/Arrays"><a:double>0</a:double><a:double>0</a:double><a:double>0</a:double></Value></Attribute></Attributes><ChildElements/><ElementName>origin</ElementName><required>false</required><RPYAttribute z:Ref="i287"/><XYZAttribute z:Ref="i286"/><isCustomized>false</isCustomized></URDFElement><URDFElement z:Id="i288" i:type="Geometry"><Attributes/><ChildElements><URDFElement z:Id="i289" i:type="Mesh"><Attributes><Attribute z:Id="i290"><AttributeType>filename</AttributeType><IsRequired>true</IsRequired><Value i:nil="true"/></Attribute></Attributes><ChildElements/><ElementName>mesh</ElementName><required>false</required><FilenameAttribute z:Ref="i290"/></URDFElement></ChildElements><ElementName>geometry</ElementName><required>true</required><Mesh z:Ref="i289"/></URDFElement><URDFElement z:Id="i291" i:type="Material"><Attributes><Attribute z:Id="i292"><AttributeType>name</AttributeType><IsRequired>true</IsRequired><Value i:type="a:string" xmlns:a="http://www.w3.org/2001/XMLSchema"/></Attribute></Attributes><ChildElements><URDFElement z:Id="i293" i:type="Color"><Attributes><Attribute z:Id="i294"><AttributeType>rgba</AttributeType><IsRequired>true</IsRequired><Value i:type="a:ArrayOfdouble" xmlns:a="http://schemas.microsoft.com/2003/10/Serialization/Arrays"><a:double>1</a:double><a:double>1</a:double><a:double>1</a:double><a:double>1</a:double></Value></Attribute></Attributes><ChildElements/><ElementName>color</ElementName><required>false</required><RGBAAttribute z:Ref="i294"/></URDFElement><URDFElement z:Id="i295" i:type="Texture"><Attributes><Attribute z:Id="i296"><AttributeType>filename</AttributeType><IsRequired>true</IsRequired><Value i:nil="true"/></Attribute></Attributes><ChildElements/><ElementName>texture</ElementName><required>false</required><FilenameAttribute z:Ref="i296"/><wFilename/></URDFElement></ChildElements><ElementName>material</ElementName><required>false</required><Color z:Ref="i293"/><NameAttribute z:Ref="i292"/><Texture z:Ref="i295"/></URDFElement></ChildElements><ElementName>visual</ElementName><required>false</required><Geometry z:Ref="i288"/><Material z:Ref="i291"/><Origin z:Ref="i285"/></URDFElement><URDFElement z:Id="i297" i:type="Collision"><Attributes/><ChildElements><URDFElement z:Id="i298" i:type="Origin"><Attributes><Attribute z:Id="i299"><AttributeType>xyz</AttributeType><IsRequired>true</IsRequired><Value i:type="a:ArrayOfdouble" xmlns:a="http://schemas.microsoft.com/2003/10/Serialization/Arrays"><a:double>0</a:double><a:double>0</a:double><a:double>0</a:double></Value></Attribute><Attribute z:Id="i300"><AttributeType>rpy</AttributeType><IsRequired>true</IsRequired><Value i:type="a:ArrayOfdouble" xmlns:a="http://schemas.microsoft.com/2003/10/Serialization/Arrays"><a:double>0</a:double><a:double>0</a:double><a:double>0</a:double></Value></Attribute></Attributes><ChildElements/><ElementName>origin</ElementName><required>false</required><RPYAttribute z:Ref="i300"/><XYZAttribute z:Ref="i299"/><isCustomized>false</isCustomized></URDFElement><URDFElement z:Id="i301" i:type="Geometry"><Attributes/><ChildElements><URDFElement z:Id="i302" i:type="Mesh"><Attributes><Attribute z:Id="i303"><AttributeType>filename</AttributeType><IsRequired>true</IsRequired><Value i:nil="true"/></Attribute></Attributes><ChildElements/><ElementName>mesh</ElementName><required>false</required><FilenameAttribute z:Ref="i303"/></URDFElement></ChildElements><ElementName>geometry</ElementName><required>true</required><Mesh z:Ref="i302"/></URDFElement></ChildElements><ElementName>collision</ElementName><required>false</required><Geometry z:Ref="i301"/><Origin z:Ref="i298"/></URDFElement><URDFElement z:Id="i304" i:type="Joint"><Attributes><Attribute z:Id="i305"><AttributeType>name</AttributeType><IsRequired>true</IsRequired><Value i:type="a:string" xmlns:a="http://www.w3.org/2001/XMLSchema">joint4</Value></Attribute><Attribute z:Id="i306"><AttributeType>type</AttributeType><IsRequired>true</IsRequired><Value i:type="a:string" xmlns:a="http://www.w3.org/2001/XMLSchema">revolute</Value></Attribute></Attributes><ChildElements><URDFElement z:Id="i307" i:type="Origin"><Attributes><Attribute z:Id="i308"><AttributeType>xyz</AttributeType><IsRequired>true</IsRequired><Value i:type="a:ArrayOfdouble" xmlns:a="http://schemas.microsoft.com/2003/10/Serialization/Arrays"><a:double>0</a:double><a:double>0</a:double><a:double>0</a:double></Value></Attribute><Attribute z:Id="i309"><AttributeType>rpy</AttributeType><IsRequired>true</IsRequired><Value i:type="a:ArrayOfdouble" xmlns:a="http://schemas.microsoft.com/2003/10/Serialization/Arrays"><a:double>0</a:double><a:double>0</a:double><a:double>0</a:double></Value></Attribute></Attributes><ChildElements/><ElementName>origin</ElementName><required>false</required><RPYAttribute z:Ref="i309"/><XYZAttribute z:Ref="i308"/><isCustomized>false</isCustomized></URDFElement><URDFElement z:Id="i310" i:type="ParentLink"><Attributes><Attribute z:Id="i311"><AttributeType>link</AttributeType><IsRequired>true</IsRequired><Value i:type="a:string" xmlns:a="http://www.w3.org/2001/XMLSchema"/></Attribute></Attributes><ChildElements/><ElementName>parent</ElementName><required>true</required><NameAttribute z:Ref="i311"/></URDFElement><URDFElement z:Id="i312" i:type="ChildLink"><Attributes><Attribute z:Id="i313"><AttributeType>link</AttributeType><IsRequired>true</IsRequired><Value i:type="a:string" xmlns:a="http://www.w3.org/2001/XMLSchema"/></Attribute></Attributes><ChildElements/><ElementName>child</ElementName><required>true</required><NameAttribute z:Ref="i313"/></URDFElement><URDFElement z:Id="i314" i:type="Axis"><Attributes><Attribute z:Id="i315"><AttributeType>xyz</AttributeType><IsRequired>true</IsRequired><Value i:type="a:ArrayOfdouble" xmlns:a="http://schemas.microsoft.com/2003/10/Serialization/Arrays"><a:double>0</a:double><a:double>0</a:double><a:double>0</a:double></Value></Attribute></Attributes><ChildElements/><ElementName>axis</ElementName><required>false</required><XYZAttribute z:Ref="i315"/></URDFElement><URDFElement z:Id="i316" i:type="Limit"><Attributes><Attribute z:Id="i317"><AttributeType>lower</AttributeType><IsRequired>false</IsRequired><Value i:nil="true"/></Attribute><Attribute z:Id="i318"><AttributeType>upper</AttributeType><IsRequired>false</IsRequired><Value i:nil="true"/></Attribute><Attribute z:Id="i319"><AttributeType>effort</AttributeType><IsRequired>true</IsRequired><Value i:nil="true"/></Attribute><Attribute z:Id="i320"><AttributeType>velocity</AttributeType><IsRequired>true</IsRequired><Value i:nil="true"/></Attribute></Attributes><ChildElements/><ElementName>limit</ElementName><required>false</required><EffortAttribute z:Ref="i319"/><LowerAttribute z:Ref="i317"/><UpperAttribute z:Ref="i318"/><VelocityAttribute z:Ref="i320"/></URDFElement><URDFElement z:Id="i321" i:type="Calibration"><Attributes><Attribute z:Id="i322"><AttributeType>rising</AttributeType><IsRequired>false</IsRequired><Value i:nil="true"/></Attribute><Attribute z:Id="i323"><AttributeType>falling</AttributeType><IsRequired>false</IsRequired><Value i:nil="true"/></Attribute></Attributes><ChildElements/><ElementName>calibration</ElementName><required>false</required><FallingAttribute z:Ref="i323"/><RisingAttribute z:Ref="i322"/></URDFElement><URDFElement z:Id="i324" i:type="Dynamics"><Attributes><Attribute z:Id="i325"><AttributeType>damping</AttributeType><IsRequired>false</IsRequired><Value i:nil="true"/></Attribute><Attribute z:Id="i326"><AttributeType>friction</AttributeType><IsRequired>false</IsRequired><Value i:nil="true"/></Attribute></Attributes><ChildElements/><ElementName>dynamics</ElementName><required>false</required><DampingAttribute z:Ref="i325"/><FrictionAttribute z:Ref="i326"/></URDFElement><URDFElement z:Id="i327" i:type="SafetyController"><Attributes><Attribute z:Id="i328"><AttributeType>soft_upper_limit</AttributeType><IsRequired>false</IsRequired><Value i:nil="true"/></Attribute><Attribute z:Id="i329"><AttributeType>soft_lower_limit</AttributeType><IsRequired>false</IsRequired><Value i:nil="true"/></Attribute><Attribute z:Id="i330"><AttributeType>k_position</AttributeType><IsRequired>false</IsRequired><Value i:nil="true"/></Attribute><Attribute z:Id="i331"><AttributeType>k_velocity</AttributeType><IsRequired>true</IsRequired><Value i:nil="true"/></Attribute></Attributes><ChildElements/><ElementName>safety_controller</ElementName><required>false</required><KPositionAttribute z:Ref="i330"/><KVelocityAttribute z:Ref="i331"/><SoftLowerAttribute z:Ref="i329"/><SoftUpperAttribute z:Ref="i328"/></URDFElement><URDFElement z:Id="i332" i:type="Mimic"><Attributes><Attribute z:Id="i333"><AttributeType>joint</AttributeType><IsRequired>true</IsRequired><Value i:nil="true"/></Attribute><Attribute z:Id="i334"><AttributeType>multiplier</AttributeType><IsRequired>false</IsRequired><Value i:nil="true"/></Attribute><Attribute z:Id="i335"><AttributeType>offset</AttributeType><IsRequired>false</IsRequired><Value i:nil="true"/></Attribute></Attributes><ChildElements/><ElementName>mimic</ElementName><required>false</required><JointNameAttribute z:Ref="i333"/><MultiplierAttribute z:Ref="i334"/><OffsetAttribute z:Ref="i335"/></URDFElement></ChildElements><ElementName>joint</ElementName><required>false</required><Axis z:Ref="i314"/><AxisName>?????????4</AxisName><Calibration z:Ref="i321"/><Child z:Ref="i312"/><CoordinateSystemName>Automatically Generate</CoordinateSystemName><Dynamics z:Ref="i324"/><Limit z:Ref="i316"/><Mimic z:Ref="i332"/><NameAttribute z:Ref="i305"/><Origin z:Ref="i307"/><Parent z:Ref="i310"/><Safety z:Ref="i327"/><TypeAttribute z:Ref="i306"/></URDFElement></ChildElements><ElementName>link</ElementName><required>true</required><Children><Link z:Id="i336"><Attributes><Attribute z:Id="i337"><AttributeType>name</AttributeType><IsRequired>true</IsRequired><Value i:type="a:string" xmlns:a="http://www.w3.org/2001/XMLSchema">Link5</Value></Attribute></Attributes><ChildElements><URDFElement z:Id="i338" i:type="Inertial"><Attributes/><ChildElements><URDFElement z:Id="i339" i:type="Origin"><Attributes><Attribute z:Id="i340"><AttributeType>xyz</AttributeType><IsRequired>true</IsRequired><Value i:type="a:ArrayOfdouble" xmlns:a="http://schemas.microsoft.com/2003/10/Serialization/Arrays"><a:double>0</a:double><a:double>0</a:double><a:double>0</a:double></Value></Attribute><Attribute z:Id="i341"><AttributeType>rpy</AttributeType><IsRequired>true</IsRequired><Value i:type="a:ArrayOfdouble" xmlns:a="http://schemas.microsoft.com/2003/10/Serialization/Arrays"><a:double>0</a:double><a:double>0</a:double><a:double>0</a:double></Value></Attribute></Attributes><ChildElements/><ElementName>origin</ElementName><required>false</required><RPYAttribute z:Ref="i341"/><XYZAttribute z:Ref="i340"/><isCustomized>false</isCustomized></URDFElement><URDFElement z:Id="i342" i:type="Mass"><Attributes><Attribute z:Id="i343"><AttributeType>value</AttributeType><IsRequired>true</IsRequired><Value i:type="a:double" xmlns:a="http://www.w3.org/2001/XMLSchema">0</Value></Attribute></Attributes><ChildElements/><ElementName>mass</ElementName><required>false</required><ValueAttribute z:Ref="i343"/></URDFElement><URDFElement z:Id="i344" i:type="Inertia"><Attributes><Attribute z:Id="i345"><AttributeType>ixx</AttributeType><IsRequired>true</IsRequired><Value i:type="a:double" xmlns:a="http://www.w3.org/2001/XMLSchema">0</Value></Attribute><Attribute z:Id="i346"><AttributeType>ixy</AttributeType><IsRequired>true</IsRequired><Value i:type="a:double" xmlns:a="http://www.w3.org/2001/XMLSchema">0</Value></Attribute><Attribute z:Id="i347"><AttributeType>ixz</AttributeType><IsRequired>true</IsRequired><Value i:type="a:double" xmlns:a="http://www.w3.org/2001/XMLSchema">0</Value></Attribute><Attribute z:Id="i348"><AttributeType>iyy</AttributeType><IsRequired>true</IsRequired><Value i:type="a:double" xmlns:a="http://www.w3.org/2001/XMLSchema">0</Value></Attribute><Attribute z:Id="i349"><AttributeType>iyz</AttributeType><IsRequired>true</IsRequired><Value i:type="a:double" xmlns:a="http://www.w3.org/2001/XMLSchema">0</Value></Attribute><Attribute z:Id="i350"><AttributeType>izz</AttributeType><IsRequired>true</IsRequired><Value i:type="a:double" xmlns:a="http://www.w3.org/2001/XMLSchema">0</Value></Attribute></Attributes><ChildElements/><ElementName>inertia</ElementName><required>false</required><IxxAttribute z:Ref="i345"/><IxyAttribute z:Ref="i346"/><IxzAttribute z:Ref="i347"/><IyyAttribute z:Ref="i348"/><IyzAttribute z:Ref="i349"/><IzzAttribute z:Ref="i350"/></URDFElement></ChildElements><ElementName>inertial</ElementName><required>false</required><Inertia z:Ref="i344"/><Mass z:Ref="i342"/><Origin z:Ref="i339"/></URDFElement><URDFElement z:Id="i351" i:type="Visual"><Attributes/><ChildElements><URDFElement z:Id="i352" i:type="Origin"><Attributes><Attribute z:Id="i353"><AttributeType>xyz</AttributeType><IsRequired>true</IsRequired><Value i:type="a:ArrayOfdouble" xmlns:a="http://schemas.microsoft.com/2003/10/Serialization/Arrays"><a:double>0</a:double><a:double>0</a:double><a:double>0</a:double></Value></Attribute><Attribute z:Id="i354"><AttributeType>rpy</AttributeType><IsRequired>true</IsRequired><Value i:type="a:ArrayOfdouble" xmlns:a="http://schemas.microsoft.com/2003/10/Serialization/Arrays"><a:double>0</a:double><a:double>0</a:double><a:double>0</a:double></Value></Attribute></Attributes><ChildElements/><ElementName>origin</ElementName><required>false</required><RPYAttribute z:Ref="i354"/><XYZAttribute z:Ref="i353"/><isCustomized>false</isCustomized></URDFElement><URDFElement z:Id="i355" i:type="Geometry"><Attributes/><ChildElements><URDFElement z:Id="i356" i:type="Mesh"><Attributes><Attribute z:Id="i357"><AttributeType>filename</AttributeType><IsRequired>true</IsRequired><Value i:nil="true"/></Attribute></Attributes><ChildElements/><ElementName>mesh</ElementName><required>false</required><FilenameAttribute z:Ref="i357"/></URDFElement></ChildElements><ElementName>geometry</ElementName><required>true</required><Mesh z:Ref="i356"/></URDFElement><URDFElement z:Id="i358" i:type="Material"><Attributes><Attribute z:Id="i359"><AttributeType>name</AttributeType><IsRequired>true</IsRequired><Value i:type="a:string" xmlns:a="http://www.w3.org/2001/XMLSchema"/></Attribute></Attributes><ChildElements><URDFElement z:Id="i360" i:type="Color"><Attributes><Attribute z:Id="i361"><AttributeType>rgba</AttributeType><IsRequired>true</IsRequired><Value i:type="a:ArrayOfdouble" xmlns:a="http://schemas.microsoft.com/2003/10/Serialization/Arrays"><a:double>1</a:double><a:double>1</a:double><a:double>1</a:double><a:double>1</a:double></Value></Attribute></Attributes><ChildElements/><ElementName>color</ElementName><required>false</required><RGBAAttribute z:Ref="i361"/></URDFElement><URDFElement z:Id="i362" i:type="Texture"><Attributes><Attribute z:Id="i363"><AttributeType>filename</AttributeType><IsRequired>true</IsRequired><Value i:nil="true"/></Attribute></Attributes><ChildElements/><ElementName>texture</ElementName><required>false</required><FilenameAttribute z:Ref="i363"/><wFilename/></URDFElement></ChildElements><ElementName>material</ElementName><required>false</required><Color z:Ref="i360"/><NameAttribute z:Ref="i359"/><Texture z:Ref="i362"/></URDFElement></ChildElements><ElementName>visual</ElementName><required>false</required><Geometry z:Ref="i355"/><Material z:Ref="i358"/><Origin z:Ref="i352"/></URDFElement><URDFElement z:Id="i364" i:type="Collision"><Attributes/><ChildElements><URDFElement z:Id="i365" i:type="Origin"><Attributes><Attribute z:Id="i366"><AttributeType>xyz</AttributeType><IsRequired>true</IsRequired><Value i:type="a:ArrayOfdouble" xmlns:a="http://schemas.microsoft.com/2003/10/Serialization/Arrays"><a:double>0</a:double><a:double>0</a:double><a:double>0</a:double></Value></Attribute><Attribute z:Id="i367"><AttributeType>rpy</AttributeType><IsRequired>true</IsRequired><Value i:type="a:ArrayOfdouble" xmlns:a="http://schemas.microsoft.com/2003/10/Serialization/Arrays"><a:double>0</a:double><a:double>0</a:double><a:double>0</a:double></Value></Attribute></Attributes><ChildElements/><ElementName>origin</ElementName><required>false</required><RPYAttribute z:Ref="i367"/><XYZAttribute z:Ref="i366"/><isCustomized>false</isCustomized></URDFElement><URDFElement z:Id="i368" i:type="Geometry"><Attributes/><ChildElements><URDFElement z:Id="i369" i:type="Mesh"><Attributes><Attribute z:Id="i370"><AttributeType>filename</AttributeType><IsRequired>true</IsRequired><Value i:nil="true"/></Attribute></Attributes><ChildElements/><ElementName>mesh</ElementName><required>false</required><FilenameAttribute z:Ref="i370"/></URDFElement></ChildElements><ElementName>geometry</ElementName><required>true</required><Mesh z:Ref="i369"/></URDFElement></ChildElements><ElementName>collision</ElementName><required>false</required><Geometry z:Ref="i368"/><Origin z:Ref="i365"/></URDFElement><URDFElement z:Id="i371" i:type="Joint"><Attributes><Attribute z:Id="i372"><AttributeType>name</AttributeType><IsRequired>true</IsRequired><Value i:type="a:string" xmlns:a="http://www.w3.org/2001/XMLSchema">joint5</Value></Attribute><Attribute z:Id="i373"><AttributeType>type</AttributeType><IsRequired>true</IsRequired><Value i:type="a:string" xmlns:a="http://www.w3.org/2001/XMLSchema">revolute</Value></Attribute></Attributes><ChildElements><URDFElement z:Id="i374" i:type="Origin"><Attributes><Attribute z:Id="i375"><AttributeType>xyz</AttributeType><IsRequired>true</IsRequired><Value i:type="a:ArrayOfdouble" xmlns:a="http://schemas.microsoft.com/2003/10/Serialization/Arrays"><a:double>0</a:double><a:double>0</a:double><a:double>0</a:double></Value></Attribute><Attribute z:Id="i376"><AttributeType>rpy</AttributeType><IsRequired>true</IsRequired><Value i:type="a:ArrayOfdouble" xmlns:a="http://schemas.microsoft.com/2003/10/Serialization/Arrays"><a:double>0</a:double><a:double>0</a:double><a:double>0</a:double></Value></Attribute></Attributes><ChildElements/><ElementName>origin</ElementName><required>false</required><RPYAttribute z:Ref="i376"/><XYZAttribute z:Ref="i375"/><isCustomized>false</isCustomized></URDFElement><URDFElement z:Id="i377" i:type="ParentLink"><Attributes><Attribute z:Id="i378"><AttributeType>link</AttributeType><IsRequired>true</IsRequired><Value i:type="a:string" xmlns:a="http://www.w3.org/2001/XMLSchema"/></Attribute></Attributes><ChildElements/><ElementName>parent</ElementName><required>true</required><NameAttribute z:Ref="i378"/></URDFElement><URDFElement z:Id="i379" i:type="ChildLink"><Attributes><Attribute z:Id="i380"><AttributeType>link</AttributeType><IsRequired>true</IsRequired><Value i:type="a:string" xmlns:a="http://www.w3.org/2001/XMLSchema"/></Attribute></Attributes><ChildElements/><ElementName>child</ElementName><required>true</required><NameAttribute z:Ref="i380"/></URDFElement><URDFElement z:Id="i381" i:type="Axis"><Attributes><Attribute z:Id="i382"><AttributeType>xyz</AttributeType><IsRequired>true</IsRequired><Value i:type="a:ArrayOfdouble" xmlns:a="http://schemas.microsoft.com/2003/10/Serialization/Arrays"><a:double>0</a:double><a:double>0</a:double><a:double>0</a:double></Value></Attribute></Attributes><ChildElements/><ElementName>axis</ElementName><required>false</required><XYZAttribute z:Ref="i382"/></URDFElement><URDFElement z:Id="i383" i:type="Limit"><Attributes><Attribute z:Id="i384"><AttributeType>lower</AttributeType><IsRequired>false</IsRequired><Value i:nil="true"/></Attribute><Attribute z:Id="i385"><AttributeType>upper</AttributeType><IsRequired>false</IsRequired><Value i:nil="true"/></Attribute><Attribute z:Id="i386"><AttributeType>effort</AttributeType><IsRequired>true</IsRequired><Value i:nil="true"/></Attribute><Attribute z:Id="i387"><AttributeType>velocity</AttributeType><IsRequired>true</IsRequired><Value i:nil="true"/></Attribute></Attributes><ChildElements/><ElementName>limit</ElementName><required>false</required><EffortAttribute z:Ref="i386"/><LowerAttribute z:Ref="i384"/><UpperAttribute z:Ref="i385"/><VelocityAttribute z:Ref="i387"/></URDFElement><URDFElement z:Id="i388" i:type="Calibration"><Attributes><Attribute z:Id="i389"><AttributeType>rising</AttributeType><IsRequired>false</IsRequired><Value i:nil="true"/></Attribute><Attribute z:Id="i390"><AttributeType>falling</AttributeType><IsRequired>false</IsRequired><Value i:nil="true"/></Attribute></Attributes><ChildElements/><ElementName>calibration</ElementName><required>false</required><FallingAttribute z:Ref="i390"/><RisingAttribute z:Ref="i389"/></URDFElement><URDFElement z:Id="i391" i:type="Dynamics"><Attributes><Attribute z:Id="i392"><AttributeType>damping</AttributeType><IsRequired>false</IsRequired><Value i:nil="true"/></Attribute><Attribute z:Id="i393"><AttributeType>friction</AttributeType><IsRequired>false</IsRequired><Value i:nil="true"/></Attribute></Attributes><ChildElements/><ElementName>dynamics</ElementName><required>false</required><DampingAttribute z:Ref="i392"/><FrictionAttribute z:Ref="i393"/></URDFElement><URDFElement z:Id="i394" i:type="SafetyController"><Attributes><Attribute z:Id="i395"><AttributeType>soft_upper_limit</AttributeType><IsRequired>false</IsRequired><Value i:nil="true"/></Attribute><Attribute z:Id="i396"><AttributeType>soft_lower_limit</AttributeType><IsRequired>false</IsRequired><Value i:nil="true"/></Attribute><Attribute z:Id="i397"><AttributeType>k_position</AttributeType><IsRequired>false</IsRequired><Value i:nil="true"/></Attribute><Attribute z:Id="i398"><AttributeType>k_velocity</AttributeType><IsRequired>true</IsRequired><Value i:nil="true"/></Attribute></Attributes><ChildElements/><ElementName>safety_controller</ElementName><required>false</required><KPositionAttribute z:Ref="i397"/><KVelocityAttribute z:Ref="i398"/><SoftLowerAttribute z:Ref="i396"/><SoftUpperAttribute z:Ref="i395"/></URDFElement><URDFElement z:Id="i399" i:type="Mimic"><Attributes><Attribute z:Id="i400"><AttributeType>joint</AttributeType><IsRequired>true</IsRequired><Value i:nil="true"/></Attribute><Attribute z:Id="i401"><AttributeType>multiplier</AttributeType><IsRequired>false</IsRequired><Value i:nil="true"/></Attribute><Attribute z:Id="i402"><AttributeType>offset</AttributeType><IsRequired>false</IsRequired><Value i:nil="true"/></Attribute></Attributes><ChildElements/><ElementName>mimic</ElementName><required>false</required><JointNameAttribute z:Ref="i400"/><MultiplierAttribute z:Ref="i401"/><OffsetAttribute z:Ref="i402"/></URDFElement></ChildElements><ElementName>joint</ElementName><required>false</required><Axis z:Ref="i381"/><AxisName>?????????5</AxisName><Calibration z:Ref="i388"/><Child z:Ref="i379"/><CoordinateSystemName>Automatically Generate</CoordinateSystemName><Dynamics z:Ref="i391"/><Limit z:Ref="i383"/><Mimic z:Ref="i399"/><NameAttribute z:Ref="i372"/><Origin z:Ref="i374"/><Parent z:Ref="i377"/><Safety z:Ref="i394"/><TypeAttribute z:Ref="i373"/></URDFElement></ChildElements><ElementName>link</ElementName><required>true</required><Children><Link z:Id="i403"><Attributes><Attribute z:Id="i404"><AttributeType>name</AttributeType><IsRequired>true</IsRequired><Value i:type="a:string" xmlns:a="http://www.w3.org/2001/XMLSchema">Link6</Value></Attribute></Attributes><ChildElements><URDFElement z:Id="i405" i:type="Inertial"><Attributes/><ChildElements><URDFElement z:Id="i406" i:type="Origin"><Attributes><Attribute z:Id="i407"><AttributeType>xyz</AttributeType><IsRequired>true</IsRequired><Value i:type="a:ArrayOfdouble" xmlns:a="http://schemas.microsoft.com/2003/10/Serialization/Arrays"><a:double>0</a:double><a:double>0</a:double><a:double>0</a:double></Value></Attribute><Attribute z:Id="i408"><AttributeType>rpy</AttributeType><IsRequired>true</IsRequired><Value i:type="a:ArrayOfdouble" xmlns:a="http://schemas.microsoft.com/2003/10/Serialization/Arrays"><a:double>0</a:double><a:double>0</a:double><a:double>0</a:double></Value></Attribute></Attributes><ChildElements/><ElementName>origin</ElementName><required>false</required><RPYAttribute z:Ref="i408"/><XYZAttribute z:Ref="i407"/><isCustomized>false</isCustomized></URDFElement><URDFElement z:Id="i409" i:type="Mass"><Attributes><Attribute z:Id="i410"><AttributeType>value</AttributeType><IsRequired>true</IsRequired><Value i:type="a:double" xmlns:a="http://www.w3.org/2001/XMLSchema">0</Value></Attribute></Attributes><ChildElements/><ElementName>mass</ElementName><required>false</required><ValueAttribute z:Ref="i410"/></URDFElement><URDFElement z:Id="i411" i:type="Inertia"><Attributes><Attribute z:Id="i412"><AttributeType>ixx</AttributeType><IsRequired>true</IsRequired><Value i:type="a:double" xmlns:a="http://www.w3.org/2001/XMLSchema">0</Value></Attribute><Attribute z:Id="i413"><AttributeType>ixy</AttributeType><IsRequired>true</IsRequired><Value i:type="a:double" xmlns:a="http://www.w3.org/2001/XMLSchema">0</Value></Attribute><Attribute z:Id="i414"><AttributeType>ixz</AttributeType><IsRequired>true</IsRequired><Value i:type="a:double" xmlns:a="http://www.w3.org/2001/XMLSchema">0</Value></Attribute><Attribute z:Id="i415"><AttributeType>iyy</AttributeType><IsRequired>true</IsRequired><Value i:type="a:double" xmlns:a="http://www.w3.org/2001/XMLSchema">0</Value></Attribute><Attribute z:Id="i416"><AttributeType>iyz</AttributeType><IsRequired>true</IsRequired><Value i:type="a:double" xmlns:a="http://www.w3.org/2001/XMLSchema">0</Value></Attribute><Attribute z:Id="i417"><AttributeType>izz</AttributeType><IsRequired>true</IsRequired><Value i:type="a:double" xmlns:a="http://www.w3.org/2001/XMLSchema">0</Value></Attribute></Attributes><ChildElements/><ElementName>inertia</ElementName><required>false</required><IxxAttribute z:Ref="i412"/><IxyAttribute z:Ref="i413"/><IxzAttribute z:Ref="i414"/><IyyAttribute z:Ref="i415"/><IyzAttribute z:Ref="i416"/><IzzAttribute z:Ref="i417"/></URDFElement></ChildElements><ElementName>inertial</ElementName><required>false</required><Inertia z:Ref="i411"/><Mass z:Ref="i409"/><Origin z:Ref="i406"/></URDFElement><URDFElement z:Id="i418" i:type="Visual"><Attributes/><ChildElements><URDFElement z:Id="i419" i:type="Origin"><Attributes><Attribute z:Id="i420"><AttributeType>xyz</AttributeType><IsRequired>true</IsRequired><Value i:type="a:ArrayOfdouble" xmlns:a="http://schemas.microsoft.com/2003/10/Serialization/Arrays"><a:double>0</a:double><a:double>0</a:double><a:double>0</a:double></Value></Attribute><Attribute z:Id="i421"><AttributeType>rpy</AttributeType><IsRequired>true</IsRequired><Value i:type="a:ArrayOfdouble" xmlns:a="http://schemas.microsoft.com/2003/10/Serialization/Arrays"><a:double>0</a:double><a:double>0</a:double><a:double>0</a:double></Value></Attribute></Attributes><ChildElements/><ElementName>origin</ElementName><required>false</required><RPYAttribute z:Ref="i421"/><XYZAttribute z:Ref="i420"/><isCustomized>false</isCustomized></URDFElement><URDFElement z:Id="i422" i:type="Geometry"><Attributes/><ChildElements><URDFElement z:Id="i423" i:type="Mesh"><Attributes><Attribute z:Id="i424"><AttributeType>filename</AttributeType><IsRequired>true</IsRequired><Value i:nil="true"/></Attribute></Attributes><ChildElements/><ElementName>mesh</ElementName><required>false</required><FilenameAttribute z:Ref="i424"/></URDFElement></ChildElements><ElementName>geometry</ElementName><required>true</required><Mesh z:Ref="i423"/></URDFElement><URDFElement z:Id="i425" i:type="Material"><Attributes><Attribute z:Id="i426"><AttributeType>name</AttributeType><IsRequired>true</IsRequired><Value i:type="a:string" xmlns:a="http://www.w3.org/2001/XMLSchema"/></Attribute></Attributes><ChildElements><URDFElement z:Id="i427" i:type="Color"><Attributes><Attribute z:Id="i428"><AttributeType>rgba</AttributeType><IsRequired>true</IsRequired><Value i:type="a:ArrayOfdouble" xmlns:a="http://schemas.microsoft.com/2003/10/Serialization/Arrays"><a:double>1</a:double><a:double>1</a:double><a:double>1</a:double><a:double>1</a:double></Value></Attribute></Attributes><ChildElements/><ElementName>color</ElementName><required>false</required><RGBAAttribute z:Ref="i428"/></URDFElement><URDFElement z:Id="i429" i:type="Texture"><Attributes><Attribute z:Id="i430"><AttributeType>filename</AttributeType><IsRequired>true</IsRequired><Value i:nil="true"/></Attribute></Attributes><ChildElements/><ElementName>texture</ElementName><required>false</required><FilenameAttribute z:Ref="i430"/><wFilename/></URDFElement></ChildElements><ElementName>material</ElementName><required>false</required><Color z:Ref="i427"/><NameAttribute z:Ref="i426"/><Texture z:Ref="i429"/></URDFElement></ChildElements><ElementName>visual</ElementName><required>false</required><Geometry z:Ref="i422"/><Material z:Ref="i425"/><Origin z:Ref="i419"/></URDFElement><URDFElement z:Id="i431" i:type="Collision"><Attributes/><ChildElements><URDFElement z:Id="i432" i:type="Origin"><Attributes><Attribute z:Id="i433"><AttributeType>xyz</AttributeType><IsRequired>true</IsRequired><Value i:type="a:ArrayOfdouble" xmlns:a="http://schemas.microsoft.com/2003/10/Serialization/Arrays"><a:double>0</a:double><a:double>0</a:double><a:double>0</a:double></Value></Attribute><Attribute z:Id="i434"><AttributeType>rpy</AttributeType><IsRequired>true</IsRequired><Value i:type="a:ArrayOfdouble" xmlns:a="http://schemas.microsoft.com/2003/10/Serialization/Arrays"><a:double>0</a:double><a:double>0</a:double><a:double>0</a:double></Value></Attribute></Attributes><ChildElements/><ElementName>origin</ElementName><required>false</required><RPYAttribute z:Ref="i434"/><XYZAttribute z:Ref="i433"/><isCustomized>false</isCustomized></URDFElement><URDFElement z:Id="i435" i:type="Geometry"><Attributes/><ChildElements><URDFElement z:Id="i436" i:type="Mesh"><Attributes><Attribute z:Id="i437"><AttributeType>filename</AttributeType><IsRequired>true</IsRequired><Value i:nil="true"/></Attribute></Attributes><ChildElements/><ElementName>mesh</ElementName><required>false</required><FilenameAttribute z:Ref="i437"/></URDFElement></ChildElements><ElementName>geometry</ElementName><required>true</required><Mesh z:Ref="i436"/></URDFElement></ChildElements><ElementName>collision</ElementName><required>false</required><Geometry z:Ref="i435"/><Origin z:Ref="i432"/></URDFElement><URDFElement z:Id="i438" i:type="Joint"><Attributes><Attribute z:Id="i439"><AttributeType>name</AttributeType><IsRequired>true</IsRequired><Value i:type="a:string" xmlns:a="http://www.w3.org/2001/XMLSchema">joint6</Value></Attribute><Attribute z:Id="i440"><AttributeType>type</AttributeType><IsRequired>true</IsRequired><Value i:type="a:string" xmlns:a="http://www.w3.org/2001/XMLSchema">revolute</Value></Attribute></Attributes><ChildElements><URDFElement z:Id="i441" i:type="Origin"><Attributes><Attribute z:Id="i442"><AttributeType>xyz</AttributeType><IsRequired>true</IsRequired><Value i:type="a:ArrayOfdouble" xmlns:a="http://schemas.microsoft.com/2003/10/Serialization/Arrays"><a:double>0</a:double><a:double>0</a:double><a:double>0</a:double></Value></Attribute><Attribute z:Id="i443"><AttributeType>rpy</AttributeType><IsRequired>true</IsRequired><Value i:type="a:ArrayOfdouble" xmlns:a="http://schemas.microsoft.com/2003/10/Serialization/Arrays"><a:double>0</a:double><a:double>0</a:double><a:double>0</a:double></Value></Attribute></Attributes><ChildElements/><ElementName>origin</ElementName><required>false</required><RPYAttribute z:Ref="i443"/><XYZAttribute z:Ref="i442"/><isCustomized>false</isCustomized></URDFElement><URDFElement z:Id="i444" i:type="ParentLink"><Attributes><Attribute z:Id="i445"><AttributeType>link</AttributeType><IsRequired>true</IsRequired><Value i:type="a:string" xmlns:a="http://www.w3.org/2001/XMLSchema"/></Attribute></Attributes><ChildElements/><ElementName>parent</ElementName><required>true</required><NameAttribute z:Ref="i445"/></URDFElement><URDFElement z:Id="i446" i:type="ChildLink"><Attributes><Attribute z:Id="i447"><AttributeType>link</AttributeType><IsRequired>true</IsRequired><Value i:type="a:string" xmlns:a="http://www.w3.org/2001/XMLSchema"/></Attribute></Attributes><ChildElements/><ElementName>child</ElementName><required>true</required><NameAttribute z:Ref="i447"/></URDFElement><URDFElement z:Id="i448" i:type="Axis"><Attributes><Attribute z:Id="i449"><AttributeType>xyz</AttributeType><IsRequired>true</IsRequired><Value i:type="a:ArrayOfdouble" xmlns:a="http://schemas.microsoft.com/2003/10/Serialization/Arrays"><a:double>0</a:double><a:double>0</a:double><a:double>0</a:double></Value></Attribute></Attributes><ChildElements/><ElementName>axis</ElementName><required>false</required><XYZAttribute z:Ref="i449"/></URDFElement><URDFElement z:Id="i450" i:type="Limit"><Attributes><Attribute z:Id="i451"><AttributeType>lower</AttributeType><IsRequired>false</IsRequired><Value i:nil="true"/></Attribute><Attribute z:Id="i452"><AttributeType>upper</AttributeType><IsRequired>false</IsRequired><Value i:nil="true"/></Attribute><Attribute z:Id="i453"><AttributeType>effort</AttributeType><IsRequired>true</IsRequired><Value i:nil="true"/></Attribute><Attribute z:Id="i454"><AttributeType>velocity</AttributeType><IsRequired>true</IsRequired><Value i:nil="true"/></Attribute></Attributes><ChildElements/><ElementName>limit</ElementName><required>false</required><EffortAttribute z:Ref="i453"/><LowerAttribute z:Ref="i451"/><UpperAttribute z:Ref="i452"/><VelocityAttribute z:Ref="i454"/></URDFElement><URDFElement z:Id="i455" i:type="Calibration"><Attributes><Attribute z:Id="i456"><AttributeType>rising</AttributeType><IsRequired>false</IsRequired><Value i:nil="true"/></Attribute><Attribute z:Id="i457"><AttributeType>falling</AttributeType><IsRequired>false</IsRequired><Value i:nil="true"/></Attribute></Attributes><ChildElements/><ElementName>calibration</ElementName><required>false</required><FallingAttribute z:Ref="i457"/><RisingAttribute z:Ref="i456"/></URDFElement><URDFElement z:Id="i458" i:type="Dynamics"><Attributes><Attribute z:Id="i459"><AttributeType>damping</AttributeType><IsRequired>false</IsRequired><Value i:nil="true"/></Attribute><Attribute z:Id="i460"><AttributeType>friction</AttributeType><IsRequired>false</IsRequired><Value i:nil="true"/></Attribute></Attributes><ChildElements/><ElementName>dynamics</ElementName><required>false</required><DampingAttribute z:Ref="i459"/><FrictionAttribute z:Ref="i460"/></URDFElement><URDFElement z:Id="i461" i:type="SafetyController"><Attributes><Attribute z:Id="i462"><AttributeType>soft_upper_limit</AttributeType><IsRequired>false</IsRequired><Value i:nil="true"/></Attribute><Attribute z:Id="i463"><AttributeType>soft_lower_limit</AttributeType><IsRequired>false</IsRequired><Value i:nil="true"/></Attribute><Attribute z:Id="i464"><AttributeType>k_position</AttributeType><IsRequired>false</IsRequired><Value i:nil="true"/></Attribute><Attribute z:Id="i465"><AttributeType>k_velocity</AttributeType><IsRequired>true</IsRequired><Value i:nil="true"/></Attribute></Attributes><ChildElements/><ElementName>safety_controller</ElementName><required>false</required><KPositionAttribute z:Ref="i464"/><KVelocityAttribute z:Ref="i465"/><SoftLowerAttribute z:Ref="i463"/><SoftUpperAttribute z:Ref="i462"/></URDFElement><URDFElement z:Id="i466" i:type="Mimic"><Attributes><Attribute z:Id="i467"><AttributeType>joint</AttributeType><IsRequired>true</IsRequired><Value i:nil="true"/></Attribute><Attribute z:Id="i468"><AttributeType>multiplier</AttributeType><IsRequired>false</IsRequired><Value i:nil="true"/></Attribute><Attribute z:Id="i469"><AttributeType>offset</AttributeType><IsRequired>false</IsRequired><Value i:nil="true"/></Attribute></Attributes><ChildElements/><ElementName>mimic</ElementName><required>false</required><JointNameAttribute z:Ref="i467"/><MultiplierAttribute z:Ref="i468"/><OffsetAttribute z:Ref="i469"/></URDFElement></ChildElements><ElementName>joint</ElementName><required>false</required><Axis z:Ref="i448"/><AxisName>?????????6</AxisName><Calibration z:Ref="i455"/><Child z:Ref="i446"/><CoordinateSystemName>Automatically Generate</CoordinateSystemName><Dynamics z:Ref="i458"/><Limit z:Ref="i450"/><Mimic z:Ref="i466"/><NameAttribute z:Ref="i439"/><Origin z:Ref="i441"/><Parent z:Ref="i444"/><Safety z:Ref="i461"/><TypeAttribute z:Ref="i440"/></URDFElement></ChildElements><ElementName>link</ElementName><required>true</required><Children/><Collision z:Ref="i431"/><Inertial z:Ref="i405"/><Joint z:Ref="i438"/><NameAttribute z:Ref="i404"/><Parent z:Ref="i336"/><STLQualityFine>false</STLQualityFine><SWComponentPIDs xmlns:a="http://schemas.microsoft.com/2003/10/Serialization/Arrays"><a:base64Binary>aEIAAAUAAAD//v8LXwBfAF8AXwAtADIAQACMW3RlxYhNkQQAAAAQAAAAAQAAAAEAAAAeAAAA</a:base64Binary><a:base64Binary>aEIAAAUAAAD//v8QXwBfAF8AXwBfAF8AXwBfADEALQA4AEAAjFt0ZcWITZEEAAAAEAAAAAEAAAABAAAAeQAAAA==</a:base64Binary></SWComponentPIDs><SWMainComponentPID i:nil="true"/><Visual z:Ref="i418"/><isFixedFrame>false</isFixedFrame><isIncomplete>false</isIncomplete></Link></Children><Collision z:Ref="i364"/><Inertial z:Ref="i338"/><Joint z:Ref="i371"/><NameAttribute z:Ref="i337"/><Parent z:Ref="i269"/><STLQualityFine>false</STLQualityFine><SWComponentPIDs xmlns:a="http://schemas.microsoft.com/2003/10/Serialization/Arrays"><a:base64Binary>aEIAAAUAAAD//v8SNgBfAF8AXwBfAF8AXwBfAF8AXwBfAC0AMQBAAIxbdGXFiE2RBAAAABAAAAABAAAAAQAAACsAAAA=</a:base64Binary><a:base64Binary>aEIAAAUAAAD//v8QXwBfAF8AXwBfAF8AXwBfADEALQAyAEAAjFt0ZcWITZEEAAAAEAAAAAEAAAABAAAAIAAAAA==</a:base64Binary><a:base64Binary>aEIAAAUAAAD//v8WNgBfAF8AXwBfAF8AXwBfAF8AXwBfAF8AXwBfAF8ALQAxAEAAjFt0ZcWITZEEAAAAEAAAAAEAAAABAAAALAAAAA==</a:base64Binary><a:base64Binary>aEIAAAUAAAD//v8NXwBfAF8AXwAtADAALQAyAEAAjFt0ZcWITZEEAAAAEAAAAAEAAAABAAAAIgAAAA==</a:base64Binary><a:base64Binary>aEIAAAUAAAD//v8TXwBfAF8AXwBfAF8AXwBfAF8AXwBfAF8ALQAyAEAAjFt0ZcWITZEEAAAAEAAAAAEAAAABAAAAHwAAAA==</a:base64Binary></SWComponentPIDs><SWMainComponentPID i:nil="true"/><Visual z:Ref="i351"/><isFixedFrame>false</isFixedFrame><isIncomplete>false</isIncomplete></Link></Children><Collision z:Ref="i297"/><Inertial z:Ref="i271"/><Joint z:Ref="i304"/><NameAttribute z:Ref="i270"/><Parent z:Ref="i202"/><STLQualityFine>false</STLQualityFine><SWComponentPIDs xmlns:a="http://schemas.microsoft.com/2003/10/Serialization/Arrays"><a:base64Binary>aEIAAAUAAAD//v8SNQBfAF8AXwBfAF8AXwBfAF8AXwBfAC0AMQBAAIxbdGXFiE2RBAAAABAAAAABAAAAAQAAACoAAAA=</a:base64Binary><a:base64Binary>aEIAAAUAAAD//v8QXwBfAF8AXwBfAF8AXwBfADEALQA1AEAAjFt0ZcWITZEEAAAAEAAAAAEAAAABAAAAMgAAAA==</a:base64Binary><a:base64Binary>aEIAAAUAAAD//v8WXwBfAF8AXwAyAF8AXwBfAF8AXwBfAF8AXwBfAF8ALQAyAEAAjFt0ZcWITZEEAAAAEAAAAAEAAAABAAAAWgAAAA==</a:base64Binary></SWComponentPIDs><SWMainComponentPID i:nil="true"/><Visual z:Ref="i284"/><isFixedFrame>false</isFixedFrame><isIncomplete>false</isIncomplete></Link></Children><Collision z:Ref="i230"/><Inertial z:Ref="i204"/><Joint z:Ref="i237"/><NameAttribute z:Ref="i203"/><Parent z:Ref="i135"/><STLQualityFine>false</STLQualityFine><SWComponentPIDs xmlns:a="http://schemas.microsoft.com/2003/10/Serialization/Arrays"><a:base64Binary>aEIAAAUAAAD//v8SMgAtADMAXwBfAF8AXwBfAF8AXwBfAC0AMgBAAIxbdGXFiE2RBAAAABAAAAABAAAAAQAAAEcAAAA=</a:base64Binary><a:base64Binary>aEIAAAUAAAD//v8QXwBfAF8AXwBfAF8AXwBfADEALQA2AEAAjFt0ZcWITZEEAAAAEAAAAAEAAAABAAAAMwAAAA==</a:base64Binary><a:base64Binary>aEIAAAUAAAD//v8WMgAtADMAXwBfAF8AXwBfAF8AXwBfAF8AXwBfAF8ALQAyAEAAjFt0ZcWITZEEAAAAEAAAAAEAAAABAAAASAAAAA==</a:base64Binary></SWComponentPIDs><SWMainComponentPID i:nil="true"/><Visual z:Ref="i217"/><isFixedFrame>false</isFixedFrame><isIncomplete>false</isIncomplete></Link></Children><Collision z:Ref="i163"/><Inertial z:Ref="i137"/><Joint z:Ref="i170"/><NameAttribute z:Ref="i136"/><Parent z:Ref="i68"/><STLQualityFine>false</STLQualityFine><SWComponentPIDs xmlns:a="http://schemas.microsoft.com/2003/10/Serialization/Arrays"><a:base64Binary>aEIAAAUAAAD//v8SMgAtADMAXwBfAF8AXwBfAF8AXwBfAC0AMQBAAIxbdGXFiE2RBAAAABAAAAABAAAAAQAAACgAAAA=</a:base64Binary><a:base64Binary>aEIAAAUAAAD//v8QXwBfAF8AXwBfAF8AXwBfADEALQA0AEAAjFt0ZcWITZEEAAAAEAAAAAEAAAABAAAAMQAAAA==</a:base64Binary><a:base64Binary>aEIAAAUAAAD//v8WMgAtADMAXwBfAF8AXwBfAF8AXwBfAF8AXwBfAF8ALQAxAEAAjFt0ZcWITZEEAAAAEAAAAAEAAAABAAAAKQAAAA==</a:base64Binary></SWComponentPIDs><SWMainComponentPID i:nil="true"/><Visual z:Ref="i150"/><isFixedFrame>false</isFixedFrame><isIncomplete>false</isIncomplete></Link></Children><Collision z:Ref="i96"/><Inertial z:Ref="i70"/><Joint z:Ref="i103"/><NameAttribute z:Ref="i69"/><Parent z:Ref="i1"/><STLQualityFine>false</STLQualityFine><SWComponentPIDs xmlns:a="http://schemas.microsoft.com/2003/10/Serialization/Arrays"><a:base64Binary>aEIAAAUAAAD//v8SXwBfAF8AXwAyAF8AXwBfAF8AXwBfAC0AMQBAAIxbdGXFiE2RBAAAABAAAAABAAAAAQAAACUAAAA=</a:base64Binary><a:base64Binary>aEIAAAUAAAD//v8QXwBfAF8AXwBfAF8AXwBfADEALQAzAEAAjFt0ZcWITZEEAAAAEAAAAAEAAAABAAAAMAAAAA==</a:base64Binary><a:base64Binary>aEIAAAUAAAD//v8WXwBfAF8AXwAyAF8AXwBfAF8AXwBfAF8AXwBfAF8ALQAxAEAAjFt0ZcWITZEEAAAAEAAAAAEAAAABAAAAJwAAAA==</a:base64Binary></SWComponentPIDs><SWMainComponentPID i:nil="true"/><Visual z:Ref="i83"/><isFixedFrame>false</isFixedFrame><isIncomplete>false</isIncomplete></Link></Children><Collision z:Ref="i29"/><Inertial z:Ref="i3"/><Joint z:Ref="i36"/><NameAttribute z:Ref="i2"/><Parent i:nil="true"/><STLQualityFine>false</STLQualityFine><SWComponentPIDs xmlns:a="http://schemas.microsoft.com/2003/10/Serialization/Arrays"><a:base64Binary>aEIAAAUAAAD//v8MXwBfAF8AXwAyAC0AMQBAAIxbdGXFiE2RBAAAABAAAAABAAAAAQAAACQAAAA=</a:base64Binary><a:base64Binary>aEIAAAUAAAD//v8MXwBfAF8AXwAxAC0AMQBAAIxbdGXFiE2RBAAAABAAAAABAAAAAQAAACMAAAA=</a:base64Binary></SWComponentPIDs><SWMainComponentPID i:nil="true"/><Visual z:Ref="i16"/><isFixedFrame>false</isFixedFrame><isIncomplete>false</isIncomplete></Link>
2025-11-18 15:33:07,306 INFO  AssemblyExportForm.cs: 309 - Saving URDF package to C:\Users\22743\Desktop\小机械臂（1牛模组）\新建文件夹\完整装配
2025-11-18 15:33:07,309 INFO  ExportHelper.cs: 147 - Beginning the export process
2025-11-18 15:33:07,310 INFO  ExportHelper.cs: 153 - Creating package directories with name 完整装配 and save path C:\Users\22743\Desktop\小机械臂（1牛模组）\新建文件夹
2025-11-18 15:33:10,630 INFO  ExportHelper.cs: 162 - Creating CMakeLists.txt at C:\Users\22743\Desktop\小机械臂（1牛模组）\新建文件夹\完整装配\CMakeLists.txt
2025-11-18 15:33:10,630 INFO  ExportHelper.cs: 166 - Creating joint names config at C:\Users\22743\Desktop\小机械臂（1牛模组）\新建文件夹\完整装配\config\joint_names_完整装配.yaml
2025-11-18 15:33:10,632 INFO  ExportHelper.cs: 170 - Creating package.xml at C:\Users\22743\Desktop\小机械臂（1牛模组）\新建文件夹\完整装配\package.xml
2025-11-18 15:33:10,632 INFO  PackageXMLWriter.cs: 21 - Creating package.xml at C:\Users\22743\Desktop\小机械臂（1牛模组）\新建文件夹\完整装配\package.xml
2025-11-18 15:33:10,635 INFO  ExportHelper.cs: 177 - Creating RVIZ launch file in C:\Users\22743\Desktop\小机械臂（1牛模组）\新建文件夹\完整装配\launch\
2025-11-18 15:33:10,637 INFO  ExportHelper.cs: 182 - Creating Gazebo launch file in C:\Users\22743\Desktop\小机械臂（1牛模组）\新建文件夹\完整装配\launch\
2025-11-18 15:33:10,638 INFO  ExportHelper.cs: 187 - Saving existing STL preferences
2025-11-18 15:33:10,639 INFO  ExportHelper.cs: 450 - Saving users preferences
2025-11-18 15:33:10,640 INFO  ExportHelper.cs: 190 - Modifying STL preferences
2025-11-18 15:33:10,640 INFO  ExportHelper.cs: 464 - Setting STL preferences
2025-11-18 15:33:10,645 INFO  ExportHelper.cs: 196 - Found 0 hidden components 
2025-11-18 15:33:10,646 INFO  ExportHelper.cs: 197 - Hiding all components
2025-11-18 15:33:10,723 INFO  ExportHelper.cs: 204 - Beginning individual files export
2025-11-18 15:33:10,725 INFO  ExportHelper.cs: 270 - Exporting link: base_link
2025-11-18 15:33:10,725 INFO  ExportHelper.cs: 272 - Link base_link has 1 children
2025-11-18 15:33:10,726 INFO  ExportHelper.cs: 270 - Exporting link: Link1
2025-11-18 15:33:10,731 INFO  ExportHelper.cs: 272 - Link Link1 has 1 children
2025-11-18 15:33:10,731 INFO  ExportHelper.cs: 270 - Exporting link: Link2
2025-11-18 15:33:10,732 INFO  ExportHelper.cs: 272 - Link Link2 has 1 children
2025-11-18 15:33:10,732 INFO  ExportHelper.cs: 270 - Exporting link: Link3
2025-11-18 15:33:10,733 INFO  ExportHelper.cs: 272 - Link Link3 has 1 children
2025-11-18 15:33:10,733 INFO  ExportHelper.cs: 270 - Exporting link: Link4
2025-11-18 15:33:10,733 INFO  ExportHelper.cs: 272 - Link Link4 has 1 children
2025-11-18 15:33:10,734 INFO  ExportHelper.cs: 270 - Exporting link: Link5
2025-11-18 15:33:10,734 INFO  ExportHelper.cs: 272 - Link Link5 has 1 children
2025-11-18 15:33:10,735 INFO  ExportHelper.cs: 270 - Exporting link: Link6
2025-11-18 15:33:10,736 INFO  ExportHelper.cs: 272 - Link Link6 has 0 children
2025-11-18 15:33:10,737 INFO  ExportHelper.cs: 317 - Link6: Exporting STL with coordinate frame Origin_joint6
2025-11-18 15:33:10,738 INFO  ExportHelper.cs: 322 - Link6: Reference geometry name 
2025-11-18 15:33:11,272 INFO  ExportHelper.cs: 330 - Saving STL to C:\Users\22743\Desktop\小机械臂（1牛模组）\新建文件夹\完整装配\meshes\Link6.STL
2025-11-18 15:33:11,415 INFO  ExportHelper.cs: 405 - Removing SW header in STL file
2025-11-18 15:33:11,416 INFO  ExportHelper.cs: 317 - Link5: Exporting STL with coordinate frame Origin_joint5
2025-11-18 15:33:11,416 INFO  ExportHelper.cs: 322 - Link5: Reference geometry name 
2025-11-18 15:33:11,441 INFO  ExportHelper.cs: 330 - Saving STL to C:\Users\22743\Desktop\小机械臂（1牛模组）\新建文件夹\完整装配\meshes\Link5.STL
2025-11-18 15:33:13,836 INFO  ExportHelper.cs: 405 - Removing SW header in STL file
2025-11-18 15:33:13,836 INFO  ExportHelper.cs: 317 - Link4: Exporting STL with coordinate frame Origin_joint4
2025-11-18 15:33:13,837 INFO  ExportHelper.cs: 322 - Link4: Reference geometry name 
2025-11-18 15:33:13,854 INFO  ExportHelper.cs: 330 - Saving STL to C:\Users\22743\Desktop\小机械臂（1牛模组）\新建文件夹\完整装配\meshes\Link4.STL
2025-11-18 15:33:13,968 INFO  ExportHelper.cs: 405 - Removing SW header in STL file
2025-11-18 15:33:13,969 INFO  ExportHelper.cs: 317 - Link3: Exporting STL with coordinate frame Origin_joint3
2025-11-18 15:33:13,969 INFO  ExportHelper.cs: 322 - Link3: Reference geometry name 
2025-11-18 15:33:13,985 INFO  ExportHelper.cs: 330 - Saving STL to C:\Users\22743\Desktop\小机械臂（1牛模组）\新建文件夹\完整装配\meshes\Link3.STL
2025-11-18 15:33:14,115 INFO  ExportHelper.cs: 405 - Removing SW header in STL file
2025-11-18 15:33:14,116 INFO  ExportHelper.cs: 317 - Link2: Exporting STL with coordinate frame Origin_joint2
2025-11-18 15:33:14,116 INFO  ExportHelper.cs: 322 - Link2: Reference geometry name 
2025-11-18 15:33:14,131 INFO  ExportHelper.cs: 330 - Saving STL to C:\Users\22743\Desktop\小机械臂（1牛模组）\新建文件夹\完整装配\meshes\Link2.STL
2025-11-18 15:33:14,257 INFO  ExportHelper.cs: 405 - Removing SW header in STL file
2025-11-18 15:33:14,258 INFO  ExportHelper.cs: 317 - Link1: Exporting STL with coordinate frame Origin_joint1
2025-11-18 15:33:14,258 INFO  ExportHelper.cs: 322 - Link1: Reference geometry name 
2025-11-18 15:33:14,274 INFO  ExportHelper.cs: 330 - Saving STL to C:\Users\22743\Desktop\小机械臂（1牛模组）\新建文件夹\完整装配\meshes\Link1.STL
2025-11-18 15:33:14,405 INFO  ExportHelper.cs: 405 - Removing SW header in STL file
2025-11-18 15:33:14,406 INFO  ExportHelper.cs: 317 - base_link: Exporting STL with coordinate frame Origin_global
2025-11-18 15:33:14,406 INFO  ExportHelper.cs: 322 - base_link: Reference geometry name 
2025-11-18 15:33:14,419 INFO  ExportHelper.cs: 330 - Saving STL to C:\Users\22743\Desktop\小机械臂（1牛模组）\新建文件夹\完整装配\meshes\base_link.STL
2025-11-18 15:33:14,514 INFO  ExportHelper.cs: 405 - Removing SW header in STL file
2025-11-18 15:33:14,515 INFO  ExportHelper.cs: 145 - Showing all components except previously hidden components
2025-11-18 15:33:14,590 INFO  ExportHelper.cs: 145 - Resetting STL preferences
2025-11-18 15:33:14,591 INFO  ExportHelper.cs: 478 - Returning STL preferences to user preferences
2025-11-18 15:33:14,591 INFO  ExportHelper.cs: 228 - Writing URDF file to C:\Users\22743\Desktop\小机械臂（1牛模组）\新建文件夹\完整装配\urdf\完整装配.urdf
2025-11-18 15:33:14,677 INFO  CSVImportExport.cs: 32 - Writing CSV file C:\Users\22743\Desktop\小机械臂（1牛模组）\新建文件夹\完整装配\urdf\完整装配.csv
2025-11-18 15:33:14,703 ERROR CSVImportExport.cs: 130 - The following columns were not written to the CSV: Link.Joint.ChildLink.link,
2025-11-18 15:33:14,703 ERROR CSVImportExport.cs: 130 - The following columns were not written to the CSV: Link.Joint.ChildLink.link,
2025-11-18 15:33:14,704 ERROR CSVImportExport.cs: 130 - The following columns were not written to the CSV: Link.Joint.ChildLink.link,
2025-11-18 15:33:14,704 ERROR CSVImportExport.cs: 130 - The following columns were not written to the CSV: Link.Joint.ChildLink.link,
2025-11-18 15:33:14,705 ERROR CSVImportExport.cs: 130 - The following columns were not written to the CSV: Link.Joint.ChildLink.link,
2025-11-18 15:33:14,705 ERROR CSVImportExport.cs: 130 - The following columns were not written to the CSV: Link.Joint.ChildLink.link,
2025-11-18 15:33:14,705 ERROR CSVImportExport.cs: 130 - The following columns were not written to the CSV: Link.Joint.ChildLink.link,
2025-11-18 15:33:14,706 INFO  ExportHelper.cs: 234 - Copying log file
2025-11-18 15:33:14,709 INFO  ExportHelper.cs: 439 - Copying C:\Users\22743\sw2urdf_logs\sw2urdf.log to C:\Users\22743\Desktop\小机械臂（1牛模组）\新建文件夹\完整装配\export.log
